employee_id,home_area,latitude,longitude,distance_to_workplace_km,walk_to_station_min,waiting_time_min,public_transport_min,transfer_count,station_to_work_min,door_to_door_min,commute_group,connectivity_score,adoption_score,adoption_category
EMP0001,Hamburg-Bergedorf,53.506588,10.19001,31.34,5.8,4.8,48.3,0,10.8,69.6,>60 min,49.2,45.4,Medium
EMP0002,Hamburg-Nord,53.616884,10.042067,2.82,4.9,7.4,26.7,1,11.3,54.3,46–60 min,57.1,55.7,Medium
EMP0003,Hamburg-Harburg,53.508831,10.019444,36.88,9.1,11.2,33.8,3,9.9,76.0,>60 min,24.7,25.7,Low
EMP0004,Hamburg-Wandsbek,53.570493,10.102187,17.62,7.7,7.9,44.1,2,9.1,76.7,>60 min,31.9,31.7,Low
EMP0005,Hamburg-Altona,53.595269,9.919978,12.59,8.0,7.3,39.4,1,9.0,67.6,>60 min,44.9,42.9,Medium
EMP0006,Ahrensburg,53.690493,10.243497,21.98,3.0,4.5,35.8,0,4.9,48.2,46–60 min,76.0,75.3,High
EMP0007,Hamburg-Bergedorf,53.526567,10.232097,36.27,8.9,9.5,52.9,3,9.2,92.6,>60 min,18.3,19.3,Low
EMP0008,Hamburg-Bergedorf,53.451582,10.259086,34.06,6.5,9.6,43.8,2,9.5,77.3,>60 min,32.2,32.1,Low
EMP0009,Hamburg-Altona,53.523331,9.948125,23.26,10.1,3.9,27.9,0,8.3,50.2,46–60 min,63.8,60.0,Medium
EMP0010,Hamburg-Nord,53.622335,10.02355,12.9,4.3,9.4,30.9,1,7.4,56.0,46–60 min,60.2,60.1,Medium
EMP0011,Hamburg-Eimsbüttel,53.586376,9.986128,9.57,9.3,7.9,43.6,2,7.5,76.4,>60 min,32.1,31.8,Low
EMP0012,Norderstedt,53.69567,10.017975,2.0,5.8,2.0,13.1,0,7.4,28.3,≤30 min,87.8,86.0,High
EMP0013,Hamburg-Wandsbek,53.587167,10.083864,24.6,16.4,4.7,49.5,0,6.2,76.8,>60 min,36.9,31.1,Low
EMP0014,Hamburg-Harburg,53.455255,10.003848,24.42,6.8,4.4,32.7,0,3.8,47.7,46–60 min,73.8,72.4,High
EMP0015,Hamburg-Nord,53.647259,10.053903,17.84,8.5,6.0,39.8,0,6.0,60.4,>60 min,59.0,56.1,Medium
EMP0016,Hamburg-Eimsbüttel,53.607589,9.971006,11.23,9.8,3.8,36.2,1,9.8,63.6,>60 min,45.7,43.1,Medium
EMP0017,Hamburg-Nord,53.599162,10.030561,18.8,12.5,6.7,20.8,1,7.2,51.1,46–60 min,56.4,54.0,Medium
EMP0018,Hamburg-Altona,53.543895,9.98814,18.89,5.0,4.5,34.0,0,9.4,52.9,46–60 min,65.5,62.9,Medium
EMP0019,Hamburg-Harburg,53.456851,9.981117,35.73,7.7,9.2,28.2,3,7.3,64.4,>60 min,38.7,41.1,Medium
EMP0020,Hamburg-Wandsbek,53.609154,10.096558,22.09,7.7,5.4,51.8,1,8.0,76.9,>60 min,38.2,36.4,Low
EMP0021,Hamburg-Bergedorf,53.488871,10.225047,34.19,6.8,6.9,56.2,2,11.1,89.0,>60 min,24.1,23.3,Low
EMP0022,Hamburg-Eimsbüttel,53.537317,9.925371,14.47,12.4,4.3,20.7,0,2.0,39.4,31–45 min,77.1,74.7,High
EMP0023,Ahrensburg,53.627297,10.232078,17.1,5.4,4.3,58.4,0,15.4,83.5,>60 min,33.1,27.8,Low
EMP0024,Norderstedt,53.656988,10.006367,9.5,3.0,7.2,9.2,1,7.7,31.2,31–45 min,82.2,83.0,High
EMP0025,Hamburg-Bergedorf,53.506454,10.220065,32.19,5.6,4.4,47.9,0,9.9,67.8,>60 min,51.8,48.4,Medium
EMP0026,Hamburg-Altona,53.51516,9.907204,31.76,12.6,8.9,31.9,0,11.0,64.4,>60 min,46.5,40.8,Medium
EMP0027,Hamburg-Nord,53.590483,9.999774,11.39,12.5,5.8,19.4,0,4.8,42.5,31–45 min,71.5,68.2,Medium
EMP0028,Hamburg-Altona,53.546421,9.913593,17.07,5.9,6.8,52.3,0,5.4,70.3,>60 min,53.9,51.8,Medium
EMP0029,Hamburg-Altona,53.590717,9.947329,19.73,1.0,9.1,19.5,1,3.9,37.5,31–45 min,79.6,81.0,High
EMP0030,Hamburg-Wandsbek,53.545703,10.038556,18.7,10.3,9.1,42.2,2,5.3,75.0,>60 min,34.5,34.6,Low
EMP0031,Hamburg-Bergedorf,53.539316,10.269694,33.71,8.3,6.1,41.7,0,9.0,65.0,>60 min,52.4,48.5,Medium
EMP0032,Ahrensburg,53.670711,10.196015,13.15,5.0,5.7,39.8,1,13.1,67.5,>60 min,44.0,41.7,Medium
EMP0033,Hamburg-Eimsbüttel,53.618491,9.937944,15.77,10.9,9.5,25.6,2,12.6,66.6,>60 min,33.8,31.8,Low
EMP0034,Hamburg-Eimsbüttel,53.591256,9.964839,19.97,11.0,6.3,38.4,2,8.3,72.0,>60 min,33.4,32.5,Low
EMP0035,Hamburg-Nord,53.620911,10.013459,21.72,12.6,6.8,27.0,2,12.3,66.8,>60 min,32.2,29.7,Low
EMP0036,Hamburg-Altona,53.551303,9.995105,12.04,11.6,7.0,17.9,1,2.0,42.5,31–45 min,69.8,69.4,Medium
EMP0037,Hamburg-Altona,53.504731,9.915157,25.07,10.5,7.0,30.5,1,8.5,60.5,>60 min,49.0,46.6,Medium
EMP0038,Hamburg-Nord,53.632616,10.012467,15.69,4.5,2.0,30.4,0,5.1,42.1,31–45 min,79.6,78.6,High
EMP0039,Hamburg-Eimsbüttel,53.558122,9.960099,20.83,1.0,4.1,41.9,1,5.0,56.0,46–60 min,63.8,64.8,Medium
EMP0040,Hamburg-Wandsbek,53.565374,10.079221,17.44,9.7,8.9,36.4,1,13.5,72.5,>60 min,34.6,30.6,Low
EMP0041,Hamburg-Nord,53.55366,9.987757,16.45,3.3,6.3,37.7,1,8.7,60.0,46–60 min,56.4,56.1,Medium
EMP0042,Hamburg-Harburg,53.448586,9.956064,44.26,10.6,7.8,48.3,1,8.8,79.6,>60 min,32.3,29.3,Low
EMP0043,Hamburg-Wandsbek,53.58118,10.071149,27.5,9.3,6.5,33.8,2,9.3,66.9,>60 min,38.4,37.8,Low
EMP0044,Hamburg-Eimsbüttel,53.564742,9.943651,12.96,9.7,5.7,34.8,1,4.1,58.4,46–60 min,56.0,55.2,Medium
EMP0045,Hamburg-Harburg,53.494859,10.017369,21.24,6.9,7.3,31.1,1,10.7,60.0,>60 min,50.8,48.8,Medium
EMP0046,Hamburg-Harburg,53.460318,9.988737,31.34,10.9,8.7,51.6,2,3.5,82.7,>60 min,29.2,29.6,Low
EMP0047,Hamburg-Eimsbüttel,53.606219,9.922836,16.57,12.4,3.0,9.1,1,11.7,40.2,31–45 min,61.2,57.8,Medium
EMP0048,Hamburg-Eimsbüttel,53.621558,9.965066,4.77,9.0,7.4,26.6,1,5.3,52.3,46–60 min,60.7,59.9,Medium
EMP0049,Hamburg-Wandsbek,53.567792,10.059677,20.78,7.5,4.4,26.7,0,9.7,48.3,46–60 min,66.7,63.3,Medium
EMP0050,Hamburg-Altona,53.504962,9.972828,33.38,10.1,5.7,39.2,1,8.8,67.7,>60 min,43.0,40.4,Medium
EMP0051,Hamburg-Altona,53.545483,9.928718,20.17,12.1,6.9,51.8,0,5.4,76.3,>60 min,42.4,38.3,Low
EMP0052,Hamburg-Altona,53.574365,9.926872,23.93,9.2,8.3,35.5,1,12.2,69.2,>60 min,39.2,35.9,Low
EMP0053,Hamburg-Bergedorf,53.441344,10.264229,12.27,5.2,5.6,34.9,1,5.4,55.1,46–60 min,61.9,62.2,Medium
EMP0054,Hamburg-Wandsbek,53.666402,10.133075,23.74,6.0,4.7,26.9,0,9.1,46.7,46–60 min,70.2,67.4,Medium
EMP0055,Hamburg-Wandsbek,53.588176,10.142486,35.8,7.1,9.3,35.4,3,6.2,70.0,>60 min,35.6,38.4,Low
EMP0056,Hamburg-Bergedorf,53.439976,10.177391,30.24,9.1,8.5,42.2,1,10.9,74.6,>60 min,36.0,32.9,Low
EMP0057,Hamburg-Nord,53.604277,10.015116,2.0,3.7,5.0,30.9,0,2.7,42.3,31–45 min,81.0,80.5,High
EMP0058,Hamburg-Nord,53.613438,10.029898,15.38,14.3,5.9,26.9,0,3.6,50.7,46–60 min,63.9,60.2,Medium
EMP0059,Hamburg-Altona,53.551319,9.916324,16.3,10.3,6.9,41.0,1,5.6,67.8,>60 min,45.9,44.2,Medium
EMP0060,Hamburg-Altona,53.591754,9.944909,16.25,4.8,8.4,25.2,3,6.9,57.3,46–60 min,48.0,51.6,Medium
EMP0061,Hamburg-Wandsbek,53.604184,10.111346,22.41,7.4,6.8,21.1,1,9.5,48.8,46–60 min,61.1,59.6,Medium
EMP0062,Hamburg-Nord,53.52751,10.012976,4.39,2.0,4.1,31.7,2,3.0,48.8,46–60 min,64.5,67.5,Medium
EMP0063,Hamburg-Nord,53.628518,10.036661,2.0,7.4,4.7,38.6,0,6.7,57.5,46–60 min,61.9,59.2,Medium
EMP0064,Hamburg-Bergedorf,53.425943,10.192441,34.5,8.9,3.1,38.7,0,10.9,61.6,>60 min,52.6,48.1,Medium
EMP0065,Hamburg-Wandsbek,53.522674,10.051887,20.58,12.5,9.2,44.7,1,7.2,77.7,>60 min,33.5,30.5,Low
EMP0066,Hamburg-Nord,53.568723,10.001149,9.81,9.7,3.8,17.5,0,9.2,40.1,31–45 min,72.0,68.3,Medium
EMP0067,Hamburg-Nord,53.585503,9.985595,12.84,5.8,4.2,36.5,0,10.3,56.8,46–60 min,60.5,57.2,Medium
EMP0068,Hamburg-Eimsbüttel,53.575628,9.944502,6.48,5.2,6.5,22.7,0,6.1,40.4,31–45 min,79.3,77.9,High
EMP0069,Hamburg-Altona,53.485574,9.945372,26.17,9.0,5.1,22.4,0,8.0,44.4,31–45 min,70.2,66.9,Medium
EMP0070,Hamburg-Nord,53.53967,10.048283,2.27,11.6,4.8,34.4,0,7.5,58.3,46–60 min,56.3,52.0,Medium
EMP0071,Hamburg-Altona,53.561625,9.942158,22.72,5.0,8.8,22.9,2,6.6,51.3,46–60 min,58.6,60.5,Medium
EMP0072,Hamburg-Nord,53.600629,10.060744,3.47,12.7,7.5,29.6,0,4.8,54.6,46–60 min,61.0,57.3,Medium
EMP0073,Hamburg-Harburg,53.457358,9.959658,27.74,9.5,6.0,43.3,1,8.6,71.4,>60 min,40.6,38.2,Low
EMP0074,Hamburg-Eimsbüttel,53.594046,9.979388,16.28,9.6,7.7,17.8,1,16.7,55.8,46–60 min,45.7,41.2,Medium
EMP0075,Hamburg-Altona,53.515404,9.910077,26.47,8.6,5.8,15.2,0,11.4,41.0,31–45 min,70.2,66.1,Medium
EMP0076,Hamburg-Eimsbüttel,53.587576,9.889647,7.17,8.4,9.1,34.3,3,7.9,71.7,>60 min,31.0,32.8,Low
EMP0077,Hamburg-Eimsbüttel,53.562335,9.981822,11.84,9.9,6.1,32.4,1,3.5,56.0,46–60 min,58.3,57.7,Medium
EMP0078,Hamburg-Wandsbek,53.611313,10.084502,11.44,9.6,5.8,36.1,0,6.8,58.3,46–60 min,58.9,55.4,Medium
EMP0079,Hamburg-Nord,53.618459,9.99904,12.01,15.2,8.4,29.2,2,4.7,65.5,>60 min,38.4,37.4,Low
EMP0080,Hamburg-Bergedorf,53.497758,10.199589,35.93,7.7,3.3,49.1,1,3.2,67.3,>60 min,51.2,51.1,Medium
EMP0081,Hamburg-Wandsbek,53.566159,10.088678,25.84,7.2,5.2,29.8,1,3.5,49.7,46–60 min,66.5,66.9,Medium
EMP0082,Hamburg-Nord,53.572528,10.032306,8.81,7.6,3.7,25.7,1,10.6,51.7,46–60 min,57.3,55.4,Medium
EMP0083,Hamburg-Harburg,53.459243,9.910239,25.04,6.6,2.7,31.1,0,15.1,55.6,46–60 min,56.0,51.0,Medium
EMP0084,Hamburg-Altona,53.483728,9.95423,16.51,8.7,6.2,30.4,1,13.7,63.0,>60 min,43.5,40.0,Low
EMP0085,Hamburg-Altona,53.583419,9.893069,11.97,7.7,7.7,35.0,1,5.0,59.3,46–60 min,56.3,55.9,Medium
EMP0086,Hamburg-Altona,53.554198,9.936126,16.82,6.0,3.1,43.0,0,13.8,65.9,>60 min,49.1,44.5,Medium
EMP0087,Hamburg-Bergedorf,53.456309,10.228897,28.86,7.7,5.3,46.3,2,7.9,75.2,>60 min,34.3,34.4,Low
EMP0088,Hamburg-Nord,53.59269,10.029415,7.35,6.8,6.3,34.1,0,12.4,59.7,46–60 min,54.9,50.6,Medium
EMP0089,Hamburg-Altona,53.570864,9.986298,26.6,6.5,5.4,27.8,1,10.7,54.4,46–60 min,56.0,54.3,Medium
EMP0090,Hamburg-Nord,53.605671,9.983498,5.69,14.8,5.9,30.6,2,4.9,64.2,>60 min,39.6,38.8,Low
EMP0091,Hamburg-Altona,53.554161,9.89614,17.29,10.5,4.4,56.5,0,5.2,76.6,>60 min,44.0,40.3,Medium
EMP0092,Hamburg-Wandsbek,53.613322,10.08334,30.77,13.1,4.3,40.4,1,11.4,73.1,>60 min,32.7,28.4,Low
EMP0093,Hamburg-Nord,53.56025,10.019763,18.09,1.0,8.6,35.5,2,5.0,58.2,46–60 min,56.5,59.3,Medium
EMP0094,Hamburg-Eimsbüttel,53.560913,9.938925,15.11,8.8,4.3,17.2,0,7.1,37.4,31–45 min,77.2,74.4,High
EMP0095,Hamburg-Eimsbüttel,53.575992,9.974018,16.0,7.9,9.0,29.6,2,9.3,63.7,>60 min,42.5,42.4,Medium
EMP0096,Hamburg-Wandsbek,53.608252,10.112642,19.23,2.1,5.3,40.2,0,2.1,49.8,46–60 min,74.6,73.9,High
EMP0097,Hamburg-Eimsbüttel,53.591845,9.971513,10.72,9.5,7.8,15.1,1,7.2,43.6,31–45 min,65.7,64.4,Medium
EMP0098,Hamburg-Altona,53.56936,9.937639,22.49,12.7,4.3,32.2,1,5.4,58.5,46–60 min,51.6,49.6,Medium
EMP0099,Hamburg-Altona,53.578369,9.890079,20.07,8.7,3.8,45.8,0,7.2,65.5,>60 min,53.3,49.9,Medium
EMP0100,Ahrensburg,53.680782,10.227517,20.15,4.1,7.8,44.3,1,2.0,62.2,>60 min,58.6,59.4,Medium
EMP0101,Norderstedt,53.655076,10.00139,9.36,8.0,7.1,16.5,0,9.4,41.0,31–45 min,72.7,69.3,Medium
EMP0102,Hamburg-Wandsbek,53.572023,10.088245,26.07,4.7,6.1,46.2,1,12.2,73.3,>60 min,40.1,38.0,Low
EMP0103,Hamburg-Eimsbüttel,53.610633,9.909348,26.85,10.6,9.5,27.1,2,6.3,61.5,>60 min,44.7,44.8,Medium
EMP0104,Ahrensburg,53.648411,10.239991,25.6,10.2,2.0,40.3,0,12.3,64.8,>60 min,47.4,42.0,Medium
EMP0105,Hamburg-Bergedorf,53.464644,10.170714,28.4,3.3,2.2,56.2,1,9.6,75.3,>60 min,42.4,41.5,Medium
EMP0106,Hamburg-Wandsbek,53.606669,10.039368,21.22,9.4,7.7,29.4,1,6.7,57.1,46–60 min,54.9,53.4,Medium
EMP0107,Hamburg-Nord,53.518571,10.001519,19.14,8.1,3.7,26.2,3,8.4,58.4,46–60 min,42.2,44.3,Medium
EMP0108,Hamburg-Eimsbüttel,53.603225,9.948622,4.47,11.1,7.1,20.3,0,7.0,45.4,46–60 min,68.2,64.6,Medium
EMP0109,Hamburg-Altona,53.539892,9.909104,9.69,4.4,6.5,25.9,0,6.3,43.0,31–45 min,77.7,76.4,High
EMP0110,Norderstedt,53.66996,9.953135,2.94,9.9,2.7,34.8,0,3.9,51.3,46–60 min,67.5,65.0,Medium
EMP0111,Hamburg-Nord,53.582727,9.993864,7.49,8.3,2.0,12.6,0,4.3,27.2,≤30 min,89.3,87.8,High
EMP0112,Hamburg-Altona,53.521264,9.962242,21.29,14.0,3.7,36.0,0,8.2,61.8,>60 min,50.2,44.9,Medium
EMP0113,Hamburg-Eimsbüttel,53.587127,9.95596,11.59,4.4,7.5,27.3,2,7.1,54.4,46–60 min,56.2,58.0,Medium
EMP0114,Hamburg-Wandsbek,53.538088,10.106945,32.18,7.7,6.7,44.4,1,6.7,69.5,>60 min,45.8,44.6,Medium
EMP0115,Hamburg-Altona,53.544438,9.911421,20.19,2.3,5.4,46.6,1,8.7,67.0,>60 min,51.5,51.4,Medium
EMP0116,Hamburg-Harburg,53.46195,10.008955,31.27,7.1,7.3,38.9,1,8.6,65.9,>60 min,47.7,46.1,Medium
EMP0117,Hamburg-Bergedorf,53.493815,10.175832,32.6,8.3,8.2,50.4,3,9.2,88.0,>60 min,19.1,20.3,Low
EMP0118,Hamburg-Wandsbek,53.608058,10.079643,32.66,11.4,4.0,29.1,1,7.7,56.2,46–60 min,52.6,50.3,Medium
EMP0119,Hamburg-Nord,53.61044,9.9963,14.86,12.8,6.2,29.8,0,8.5,57.2,46–60 min,55.0,50.2,Medium
EMP0120,Hamburg-Wandsbek,53.568267,10.125789,23.23,8.4,2.0,27.3,1,7.8,49.5,46–60 min,61.2,59.9,Medium
EMP0121,Hamburg-Wandsbek,53.550221,10.090311,27.98,6.5,5.6,34.8,1,10.0,60.9,>60 min,51.1,49.5,Medium
EMP0122,Hamburg-Wandsbek,53.602427,10.083579,25.96,10.8,4.5,53.3,1,10.0,82.6,>60 min,28.4,25.0,Low
EMP0123,Hamburg-Altona,53.569493,9.920214,22.2,4.6,10.7,24.2,0,10.3,49.8,46–60 min,67.6,64.8,Medium
EMP0124,Hamburg-Nord,53.600729,10.014814,14.28,2.6,7.0,21.3,1,6.2,41.1,31–45 min,75.8,76.9,High
EMP0125,Hamburg-Altona,53.492668,9.927153,11.56,10.9,4.3,38.2,0,7.9,61.4,>60 min,53.9,49.7,Medium
EMP0126,Hamburg-Nord,53.622218,10.031612,6.51,8.2,2.0,29.7,0,4.1,44.0,31–45 min,75.2,73.3,High
EMP0127,Hamburg-Eimsbüttel,53.579878,9.965735,18.81,4.5,6.7,40.2,2,8.5,67.9,>60 min,43.1,44.2,Medium
EMP0128,Hamburg-Altona,53.598305,9.9427,9.15,8.4,4.9,34.8,1,10.5,62.5,>60 min,47.4,45.0,Medium
EMP0129,Hamburg-Altona,53.558342,9.946714,15.21,2.9,5.9,40.2,2,5.9,62.8,>60 min,51.8,54.3,Medium
EMP0130,Hamburg-Wandsbek,53.592528,10.107039,22.65,9.5,6.6,39.6,1,10.7,70.4,>60 min,39.3,36.3,Low
EMP0131,Hamburg-Altona,53.618196,9.919287,21.16,9.7,4.9,27.5,0,8.1,50.3,46–60 min,64.4,60.8,Medium
EMP0132,Norderstedt,53.697977,10.016478,12.08,7.3,10.0,22.8,3,11.2,63.3,>60 min,36.2,37.6,Low
EMP0133,Hamburg-Wandsbek,53.572247,10.084458,27.62,7.7,6.1,59.6,2,7.0,88.5,>60 min,27.3,27.5,Low
EMP0134,Hamburg-Eimsbüttel,53.591937,9.931403,11.14,7.8,8.7,25.2,2,10.2,59.9,46–60 min,45.0,44.8,Medium
EMP0135,Hamburg-Wandsbek,53.559157,10.058434,11.74,6.4,13.6,48.4,2,5.2,81.6,>60 min,32.9,34.0,Low
EMP0136,Hamburg-Altona,53.566431,9.950232,20.31,5.4,5.7,31.6,0,4.8,47.5,46–60 min,74.4,73.0,High
EMP0137,Ahrensburg,53.675433,10.231955,13.56,9.8,4.5,61.0,1,6.9,86.2,>60 min,30.8,28.6,Low
EMP0138,Hamburg-Nord,53.611104,10.02519,6.01,6.6,3.1,34.4,0,14.0,58.2,46–60 min,54.8,50.2,Medium
EMP0139,Hamburg-Bergedorf,53.488178,10.246168,28.94,2.4,5.4,48.1,1,7.5,67.4,>60 min,52.2,52.4,Medium
EMP0140,Hamburg-Altona,53.581388,9.973751,24.74,11.2,5.6,30.4,1,7.1,58.3,46–60 min,51.5,49.3,Medium
EMP0141,Hamburg-Nord,53.61278,9.996949,3.09,13.3,5.2,30.1,1,5.4,58.0,46–60 min,51.3,49.1,Medium
EMP0142,Hamburg-Nord,53.675576,10.028319,15.48,8.3,5.3,21.2,0,5.6,40.4,31–45 min,76.7,74.5,High
EMP0143,Norderstedt,53.687745,9.962437,6.77,7.5,4.4,11.7,1,4.8,32.3,31–45 min,79.8,80.1,High
EMP0144,Hamburg-Wandsbek,53.529624,10.053938,18.28,7.1,7.5,31.6,1,11.7,61.8,>60 min,48.1,45.7,Medium
EMP0145,Hamburg-Nord,53.574526,10.02996,18.2,7.8,2.0,21.7,1,11.5,47.0,46–60 min,60.1,57.9,Medium
EMP0146,Hamburg-Eimsbüttel,53.58694,9.969734,14.83,8.7,6.8,36.4,1,11.3,67.2,>60 min,42.3,39.4,Low
EMP0147,Hamburg-Eimsbüttel,53.59771,9.953172,19.79,9.8,4.3,17.2,1,7.4,42.7,31–45 min,65.9,64.5,Medium
EMP0148,Hamburg-Nord,53.643148,10.028309,12.08,1.0,9.0,45.1,1,4.2,63.2,>60 min,57.7,58.5,Medium
EMP0149,Hamburg-Nord,53.6234,10.054244,2.52,9.4,6.9,35.6,0,9.1,61.0,>60 min,54.6,50.5,Medium
EMP0150,Hamburg-Altona,53.536778,9.925816,15.5,11.6,10.1,43.3,0,6.7,71.8,>60 min,45.5,41.2,Medium
EMP0151,Hamburg-Harburg,53.455401,10.018731,39.61,6.5,5.5,22.9,1,5.3,44.3,31–45 min,69.9,70.1,High
EMP0152,Norderstedt,53.682793,9.995125,9.2,6.8,7.5,24.2,1,10.5,53.0,46–60 min,57.1,55.4,Medium
EMP0153,Hamburg-Altona,53.480498,9.950501,20.07,14.7,7.3,37.4,0,7.2,66.5,>60 min,46.4,41.2,Medium
EMP0154,Hamburg-Nord,53.595254,10.02254,11.8,1.3,8.5,31.4,2,12.4,61.6,>60 min,47.8,48.8,Medium
EMP0155,Hamburg-Altona,53.490357,9.929342,18.86,16.3,8.0,42.4,0,10.5,77.2,>60 min,32.5,25.5,Low
EMP0156,Hamburg-Wandsbek,53.607804,10.101756,26.5,10.4,8.0,36.6,0,5.1,60.1,>60 min,58.3,55.1,Medium
EMP0157,Hamburg-Eimsbüttel,53.605232,9.989283,17.94,7.9,5.3,22.5,0,8.6,44.3,31–45 min,70.8,67.7,Medium
EMP0158,Hamburg-Wandsbek,53.571427,10.049088,28.72,12.7,9.5,35.2,1,5.0,66.4,>60 min,45.3,43.1,Medium
EMP0159,Hamburg-Bergedorf,53.502656,10.200534,15.36,10.4,5.8,46.1,1,4.7,70.9,>60 min,44.0,42.5,Medium
EMP0160,Hamburg-Bergedorf,53.428692,10.248399,26.32,8.1,9.4,45.8,2,7.7,79.0,>60 min,30.8,30.8,Low
EMP0161,Hamburg-Altona,53.525376,9.900205,21.85,11.4,2.0,18.3,0,7.9,39.5,31–45 min,72.1,68.3,Medium
EMP0162,Norderstedt,53.672561,9.963352,8.69,4.7,8.5,16.8,1,7.5,41.4,31–45 min,72.1,72.2,High
EMP0163,Hamburg-Eimsbüttel,53.538966,9.977749,5.78,3.1,11.2,29.2,2,8.9,60.2,>60 min,50.8,52.3,Medium
EMP0164,Hamburg-Altona,53.543578,9.981497,8.83,12.1,2.0,28.9,0,5.8,48.8,46–60 min,65.6,62.0,Medium
EMP0165,Hamburg-Nord,53.664662,9.974334,11.9,6.7,3.8,39.1,0,8.3,57.9,46–60 min,60.7,57.7,Medium
EMP0166,Hamburg-Eimsbüttel,53.58191,9.974888,10.1,11.1,4.6,32.8,2,4.9,61.5,>60 min,45.6,45.9,Medium
EMP0167,Hamburg-Harburg,53.443717,9.966258,43.62,7.6,8.1,49.6,1,8.2,77.5,>60 min,37.6,35.8,Low
EMP0168,Hamburg-Harburg,53.442684,9.982688,23.03,10.3,6.1,40.7,0,10.5,67.6,>60 min,46.7,41.8,Medium
EMP0169,Hamburg-Eimsbüttel,53.571135,9.920278,8.12,11.0,2.5,17.3,0,6.2,36.9,31–45 min,76.4,73.3,High
EMP0170,Ahrensburg,53.664169,10.243194,21.23,5.9,6.5,40.5,1,5.7,62.6,>60 min,54.6,54.4,Medium
EMP0171,Hamburg-Eimsbüttel,53.552969,9.955436,26.9,9.8,7.4,32.3,2,5.3,62.8,>60 min,45.5,46.1,Medium
EMP0172,Hamburg-Nord,53.634459,9.998947,11.99,7.9,9.3,29.1,1,7.7,57.9,46–60 min,54.6,53.3,Medium
EMP0173,Hamburg-Eimsbüttel,53.581223,9.975217,19.32,10.3,12.0,40.7,3,5.7,80.7,>60 min,23.7,25.5,Low
EMP0174,Norderstedt,53.674963,10.027669,5.16,7.5,8.3,29.4,1,11.7,60.8,>60 min,48.6,46.2,Medium
EMP0175,Hamburg-Altona,53.500656,9.928543,23.33,8.6,9.4,35.0,1,10.4,67.4,>60 min,43.0,40.4,Medium
EMP0176,Hamburg-Altona,53.540857,9.967471,19.58,13.3,6.4,19.6,0,7.4,46.7,46–60 min,64.6,60.1,Medium
EMP0177,Hamburg-Nord,53.561342,10.038433,6.81,6.4,10.1,34.3,2,11.4,70.2,>60 min,36.3,35.9,Low
EMP0178,Pinneberg,53.715516,9.756626,16.13,9.9,7.0,43.3,2,9.4,77.6,>60 min,28.5,27.5,Low
EMP0179,Norderstedt,53.63752,10.005989,4.72,7.5,7.3,21.1,1,3.0,42.9,31–45 min,72.5,73.1,High
EMP0180,Hamburg-Bergedorf,53.492047,10.240383,24.35,12.3,10.3,50.9,2,12.5,93.9,>60 min,17.2,14.4,Low
EMP0181,Norderstedt,53.68817,9.994532,8.1,1.0,7.9,40.2,0,9.4,58.5,46–60 min,64.7,63.1,Medium
EMP0182,Norderstedt,53.698495,9.996505,6.48,3.6,8.4,32.1,1,5.1,53.2,46–60 min,65.5,66.4,Medium
EMP0183,Hamburg-Nord,53.63139,9.971754,14.82,11.0,12.3,41.3,2,8.2,80.8,>60 min,25.9,24.8,Low
EMP0184,Hamburg-Eimsbüttel,53.572804,9.955118,24.47,5.5,5.4,34.3,1,11.7,61.0,>60 min,50.3,48.5,Medium
EMP0185,Hamburg-Bergedorf,53.51383,10.203896,19.99,11.5,3.8,40.1,1,5.3,64.7,>60 min,47.5,45.7,Medium
EMP0186,Hamburg-Wandsbek,53.561041,10.056092,31.94,6.8,5.0,32.6,1,2.4,50.8,46–60 min,67.0,67.8,Medium
EMP0187,Hamburg-Eimsbüttel,53.55458,9.948939,24.8,12.6,7.7,27.6,0,8.6,56.5,46–60 min,55.6,50.8,Medium
EMP0188,Hamburg-Altona,53.545581,9.954929,18.02,8.3,11.9,33.6,3,5.0,70.8,>60 min,34.9,37.7,Low
EMP0189,Hamburg-Bergedorf,53.467023,10.235192,39.84,6.2,7.7,47.3,2,9.8,79.0,>60 min,30.7,30.6,Low
EMP0190,Hamburg-Eimsbüttel,53.581704,9.926237,12.48,15.2,6.5,16.8,1,4.8,47.3,46–60 min,59.2,56.9,Medium
EMP0191,Norderstedt,53.679436,9.98797,2.0,5.5,4.3,13.9,0,9.3,33.0,31–45 min,82.1,79.7,High
EMP0192,Hamburg-Eimsbüttel,53.56339,9.96213,24.62,6.8,6.4,31.8,0,7.2,52.2,46–60 min,66.6,64.0,Medium
EMP0193,Hamburg-Altona,53.545352,9.964869,27.4,7.3,7.4,46.5,1,9.1,74.3,>60 min,39.8,37.9,Low
EMP0194,Hamburg-Harburg,53.416615,9.949039,16.54,5.9,9.1,46.1,1,3.5,68.7,>60 min,51.5,51.8,Medium
EMP0195,Hamburg-Altona,53.577716,9.901639,14.83,7.8,8.8,45.2,2,6.9,76.7,>60 min,34.0,34.3,Low
EMP0196,Hamburg-Altona,53.573196,9.932757,19.7,10.5,9.3,35.7,3,11.6,79.0,>60 min,19.1,19.1,Low
EMP0197,Hamburg-Wandsbek,53.546989,10.08615,28.24,4.6,5.3,38.5,0,7.6,56.0,46–60 min,65.1,63.1,Medium
EMP0198,Norderstedt,53.736031,9.953389,5.98,9.9,4.7,23.4,1,2.8,44.8,31–45 min,68.7,68.6,Medium
EMP0199,Hamburg-Altona,53.544945,10.008747,14.33,4.5,5.7,47.8,1,4.1,66.1,>60 min,54.6,55.2,Medium
EMP0200,Hamburg-Eimsbüttel,53.604002,9.976151,22.12,12.2,2.0,37.2,0,5.4,56.8,46–60 min,59.0,55.3,Medium
EMP0201,Hamburg-Bergedorf,53.488986,10.262765,20.29,6.6,4.2,54.0,0,7.5,72.3,>60 min,49.3,46.3,Medium
EMP0202,Ahrensburg,53.661662,10.257228,14.3,4.4,5.1,46.7,1,9.9,70.1,>60 min,45.5,44.3,Medium
EMP0203,Hamburg-Nord,53.639032,10.037301,16.62,6.4,6.7,15.4,0,5.9,34.4,31–45 min,83.5,81.8,High
EMP0204,Hamburg-Altona,53.565965,9.904674,17.22,7.3,6.1,30.6,0,7.5,51.5,46–60 min,66.4,63.6,Medium
EMP0205,Hamburg-Altona,53.552324,9.933307,20.57,12.5,5.8,38.0,0,6.0,62.3,>60 min,53.4,49.3,Medium
EMP0206,Hamburg-Eimsbüttel,53.568562,9.964334,19.36,6.3,10.9,43.8,3,6.7,79.6,>60 min,27.8,30.4,Low
EMP0207,Hamburg-Altona,53.555261,9.986784,14.87,6.1,3.0,41.8,0,7.2,58.1,46–60 min,62.2,59.8,Medium
EMP0208,Hamburg-Wandsbek,53.566317,10.080252,19.48,2.3,4.3,27.0,0,8.8,42.4,31–45 min,77.9,76.4,High
EMP0209,Hamburg-Altona,53.560968,9.955279,10.76,6.4,6.7,40.2,0,3.6,56.9,46–60 min,66.5,65.0,Medium
EMP0210,Hamburg-Nord,53.63942,10.049115,6.51,4.9,13.0,29.1,2,8.0,63.0,>60 min,47.4,48.6,Medium
EMP0211,Hamburg-Wandsbek,53.579124,10.118362,22.45,5.0,8.9,37.1,1,9.5,64.5,>60 min,50.0,48.9,Medium
EMP0212,Hamburg-Wandsbek,53.619159,10.07457,26.72,9.7,5.3,32.7,1,10.2,61.9,>60 min,46.9,44.2,Medium
EMP0213,Hamburg-Altona,53.525306,9.890941,17.96,12.3,8.3,35.9,2,12.1,76.6,>60 min,24.4,21.8,Low
EMP0214,Hamburg-Harburg,53.472167,9.924694,28.39,9.9,11.1,69.5,2,5.6,104.1,>60 min,26.5,26.4,Low
EMP0215,Hamburg-Wandsbek,53.566198,10.050905,14.07,6.0,2.0,22.8,0,4.8,35.6,31–45 min,84.0,82.8,High
EMP0216,Hamburg-Bergedorf,53.471098,10.213365,30.85,9.2,10.5,55.2,3,8.9,95.8,>60 min,18.4,19.4,Low
EMP0217,Hamburg-Altona,53.532133,9.898688,16.02,5.5,3.7,33.2,0,9.3,51.8,46–60 min,66.1,63.3,Medium
EMP0218,Hamburg-Altona,53.582637,9.918887,11.56,10.9,3.9,27.1,0,8.2,50.1,46–60 min,63.1,59.1,Medium
EMP0219,Norderstedt,53.737198,9.984972,4.09,4.8,7.6,31.1,1,8.1,55.6,46–60 min,59.2,58.8,Medium
EMP0220,Hamburg-Eimsbüttel,53.55695,9.955607,21.47,1.3,4.5,47.6,1,9.1,66.4,>60 min,52.6,52.7,Medium
EMP0221,Hamburg-Eimsbüttel,53.567209,9.931347,7.9,4.2,7.1,26.6,1,6.1,47.9,46–60 min,68.5,69.0,Medium
EMP0222,Hamburg-Nord,53.597962,9.997478,20.53,10.6,3.0,38.5,1,11.5,67.6,>60 min,39.8,36.3,Low
EMP0223,Hamburg-Wandsbek,53.641002,10.094786,23.36,12.9,4.7,38.2,0,11.8,67.7,>60 min,42.7,36.5,Low
EMP0224,Ahrensburg,53.621796,10.209547,8.9,10.2,5.8,34.6,1,11.5,66.2,>60 min,41.5,38.1,Low
EMP0225,Hamburg-Eimsbüttel,53.575708,9.910001,11.58,9.6,8.6,33.5,2,8.3,68.0,>60 min,38.1,37.7,Low
EMP0226,Norderstedt,53.689231,9.970399,6.68,10.2,7.1,38.3,0,6.0,61.5,>60 min,56.4,53.0,Medium
EMP0227,Hamburg-Altona,53.546131,9.942779,29.27,8.4,7.8,27.7,2,9.0,60.9,>60 min,44.9,44.8,Medium
EMP0228,Hamburg-Nord,53.629222,10.068822,20.3,4.0,5.4,31.7,0,6.7,47.8,46–60 min,73.6,72.1,High
EMP0229,Hamburg-Wandsbek,53.573306,10.123716,26.92,7.8,11.2,34.1,1,15.2,72.3,>60 min,34.9,31.1,Low
EMP0230,Hamburg-Altona,53.543888,9.957189,26.36,10.1,2.6,21.6,1,13.9,52.1,46–60 min,51.1,47.5,Medium
EMP0231,Hamburg-Altona,53.583716,9.946359,16.21,15.1,5.4,30.6,1,6.9,62.0,>60 min,44.7,41.3,Medium
EMP0232,Hamburg-Nord,53.610397,10.042072,10.98,1.9,3.5,42.0,0,4.3,51.7,46–60 min,73.0,72.3,High
EMP0233,Ahrensburg,53.68717,10.238478,30.55,3.9,8.7,46.2,2,5.5,72.3,>60 min,43.0,45.1,Medium
EMP0234,Hamburg-Wandsbek,53.59203,10.066927,19.05,7.7,4.7,37.4,1,5.5,59.4,46–60 min,55.7,55.1,Medium
EMP0235,Norderstedt,53.688106,9.973721,2.0,7.5,4.6,29.1,1,9.6,54.8,46–60 min,55.8,54.2,Medium
EMP0236,Hamburg-Harburg,53.460977,10.054154,35.07,4.6,4.4,41.2,0,6.7,56.8,46–60 min,65.3,63.5,Medium
EMP0237,Hamburg-Nord,53.58464,10.045771,24.46,8.5,5.9,30.0,0,7.1,51.5,46–60 min,65.5,62.4,Medium
EMP0238,Hamburg-Bergedorf,53.440942,10.261681,19.65,8.6,6.5,54.2,1,3.3,76.6,>60 min,42.4,41.7,Medium
EMP0239,Hamburg-Altona,53.517148,9.907839,24.44,6.6,4.1,35.8,0,4.7,51.2,46–60 min,70.2,68.4,Medium
EMP0240,Hamburg-Altona,53.517987,9.974854,30.96,8.5,4.9,43.9,1,10.9,72.2,>60 min,38.6,35.8,Low
EMP0241,Hamburg-Harburg,53.452879,9.98134,34.32,6.0,8.1,49.7,1,14.0,81.9,>60 min,29.7,26.5,Low
EMP0242,Hamburg-Bergedorf,53.541559,10.252284,37.29,10.3,5.5,37.7,0,8.4,61.8,>60 min,53.7,49.5,Medium
EMP0243,Hamburg-Eimsbüttel,53.583339,9.954638,8.51,8.9,3.4,26.7,0,10.2,49.1,46–60 min,64.1,60.1,Medium
EMP0244,Hamburg-Nord,53.611555,10.001292,7.98,10.1,10.8,31.9,3,9.6,74.5,>60 min,25.4,26.1,Low
EMP0245,Hamburg-Wandsbek,53.593932,10.066078,20.63,6.4,14.0,48.1,3,4.6,85.2,>60 min,25.5,28.6,Low
EMP0246,Hamburg-Harburg,53.467555,9.975979,22.55,9.1,7.0,44.1,1,10.5,74.8,>60 min,36.2,33.3,Low
EMP0247,Hamburg-Wandsbek,53.604133,10.099418,21.69,6.2,5.1,59.4,1,5.7,80.3,>60 min,39.2,38.5,Low
EMP0248,Hamburg-Nord,53.630658,10.0493,18.39,10.0,5.6,32.7,2,6.1,62.4,>60 min,44.7,45.0,Medium
EMP0249,Hamburg-Eimsbüttel,53.550324,9.912549,18.28,8.1,7.8,17.9,1,10.3,48.1,46–60 min,60.1,58.1,Medium
EMP0250,Hamburg-Nord,53.599281,9.979138,7.66,5.9,3.0,35.5,0,9.7,54.1,46–60 min,63.4,60.3,Medium
EMP0251,Hamburg-Wandsbek,53.577774,10.115866,14.19,3.7,8.6,38.7,1,5.5,60.6,>60 min,58.6,59.2,Medium
EMP0252,Hamburg-Harburg,53.469391,9.989613,25.94,6.7,7.4,54.3,1,6.3,78.7,>60 min,39.4,38.4,Low
EMP0253,Hamburg-Nord,53.62399,9.980492,18.1,11.1,4.4,30.3,1,6.4,56.2,46–60 min,54.2,52.4,Medium
EMP0254,Hamburg-Eimsbüttel,53.552136,9.948431,12.45,11.6,10.0,40.0,3,14.7,88.4,>60 min,10.2,8.7,Low
EMP0255,Hamburg-Eimsbüttel,53.588645,9.977433,13.09,9.8,8.2,28.4,1,3.6,54.1,46–60 min,59.9,59.3,Medium
EMP0256,Hamburg-Bergedorf,53.494039,10.241979,31.56,10.2,3.3,38.8,0,10.7,63.0,>60 min,50.4,45.5,Medium
EMP0257,Hamburg-Harburg,53.483984,9.968889,19.57,9.0,7.9,34.2,2,5.5,64.6,>60 min,44.5,45.2,Medium
EMP0258,Hamburg-Altona,53.519235,9.944916,20.64,9.0,4.3,47.2,0,6.1,66.6,>60 min,53.2,50.0,Medium
EMP0259,Hamburg-Altona,53.527445,9.967444,18.12,12.8,4.9,37.2,0,6.5,61.4,>60 min,53.3,48.9,Medium
EMP0260,Hamburg-Wandsbek,53.511152,10.053179,27.77,7.0,2.7,35.0,0,7.5,52.2,46–60 min,66.1,63.4,Medium
EMP0261,Hamburg-Altona,53.511234,9.967198,26.05,6.8,5.0,40.1,1,13.2,69.2,>60 min,40.5,37.6,Low
EMP0262,Hamburg-Harburg,53.43751,9.998611,31.32,6.8,4.0,43.3,0,4.9,59.0,46–60 min,63.1,61.1,Medium
EMP0263,Hamburg-Eimsbüttel,53.598486,9.9744,28.37,9.3,6.1,28.5,0,7.8,51.7,46–60 min,63.8,60.3,Medium
EMP0264,Hamburg-Altona,53.536815,9.954428,17.34,17.3,3.0,37.9,0,9.5,67.7,>60 min,40.5,33.8,Low
EMP0265,Norderstedt,53.709347,9.944844,13.81,5.5,5.2,30.7,1,8.4,53.8,46–60 min,59.8,59.1,Medium
EMP0266,Hamburg-Altona,53.531784,9.927162,20.38,7.1,7.7,40.2,1,8.5,67.5,>60 min,46.5,45.0,Medium
EMP0267,Hamburg-Eimsbüttel,53.5872,9.923026,14.52,8.1,5.9,16.9,1,7.9,42.8,31–45 min,67.1,66.0,Medium
EMP0268,Hamburg-Altona,53.557328,9.951179,21.54,3.1,7.5,40.1,2,7.0,65.7,>60 min,48.0,50.0,Medium
EMP0269,Hamburg-Altona,53.536268,9.904412,16.27,5.2,2.6,37.4,2,8.2,61.4,>60 min,48.3,49.4,Medium
EMP0270,Hamburg-Altona,53.513544,9.9359,22.91,8.5,3.1,15.9,0,7.8,35.4,31–45 min,78.5,75.7,High
EMP0271,Hamburg-Altona,53.534483,9.934752,11.14,7.2,2.0,35.0,0,8.9,53.1,46–60 min,63.8,60.6,Medium
EMP0272,Hamburg-Altona,53.531933,9.932796,31.27,6.2,8.6,31.8,2,9.9,64.5,>60 min,43.0,43.3,Medium
EMP0273,Hamburg-Altona,53.52813,9.903587,9.64,9.3,4.4,30.0,1,7.9,55.6,46–60 min,55.0,53.2,Medium
EMP0274,Hamburg-Wandsbek,53.531951,10.036333,28.31,9.8,8.1,30.8,3,9.8,70.4,>60 min,29.0,29.9,Low
EMP0275,Hamburg-Wandsbek,53.514214,10.084529,8.83,10.1,6.4,41.9,1,13.0,75.5,>60 min,32.0,28.1,Low
EMP0276,Hamburg-Eimsbüttel,53.572117,9.976608,16.05,6.9,10.5,32.5,2,4.7,62.6,>60 min,49.1,50.7,Medium
EMP0277,Hamburg-Eimsbüttel,53.534874,9.985087,20.76,5.1,10.3,35.0,1,16.4,70.8,>60 min,37.7,34.3,Low
EMP0278,Hamburg-Nord,53.601477,10.07775,12.6,7.0,3.7,19.8,0,8.3,38.8,31–45 min,76.7,74.1,High
EMP0279,Norderstedt,53.679467,10.009465,5.03,11.9,7.2,22.5,0,8.1,49.8,46–60 min,62.5,58.2,Medium
EMP0280,Hamburg-Harburg,53.498854,9.954617,32.33,6.4,8.9,32.3,0,7.9,55.5,46–60 min,63.5,60.8,Medium
EMP0281,Hamburg-Altona,53.566744,9.996917,11.71,8.7,5.4,32.2,2,5.2,59.4,46–60 min,49.5,50.5,Medium
EMP0282,Hamburg-Altona,53.568513,9.895727,26.57,12.1,5.9,45.4,1,2.3,69.7,>60 min,45.8,44.5,Medium
EMP0283,Hamburg-Eimsbüttel,53.596859,9.977034,23.86,9.8,11.4,30.2,3,2.0,65.5,>60 min,40.9,44.2,Medium
EMP0284,Hamburg-Eimsbüttel,53.56795,9.956036,10.27,10.2,2.6,32.7,0,8.8,54.3,46–60 min,59.8,55.7,Medium
EMP0285,Hamburg-Wandsbek,53.576477,10.126275,25.57,12.3,4.5,46.0,0,7.9,70.8,>60 min,44.5,39.7,Low
EMP0286,Hamburg-Nord,53.578901,10.035321,15.28,9.9,7.4,31.3,1,4.4,57.0,46–60 min,56.6,55.7,Medium
EMP0287,Hamburg-Altona,53.552377,9.954705,19.64,3.8,10.4,42.6,3,6.1,74.9,>60 min,34.7,38.4,Low
EMP0288,Hamburg-Eimsbüttel,53.584618,9.91691,25.41,5.8,3.2,29.5,0,8.1,46.6,46–60 min,71.4,69.0,Medium
EMP0289,Hamburg-Nord,53.569928,10.048126,14.83,3.4,7.2,42.5,1,7.7,64.7,>60 min,53.3,53.2,Medium
EMP0290,Hamburg-Altona,53.544008,9.915528,22.43,7.0,6.2,27.5,1,10.6,55.3,46–60 min,54.9,53.0,Medium
EMP0291,Hamburg-Harburg,53.403877,10.007806,34.2,12.8,4.1,38.9,1,11.1,71.0,>60 min,35.1,30.9,Low
EMP0292,Hamburg-Altona,53.514318,9.929904,20.68,7.2,7.9,37.3,1,7.4,63.8,>60 min,50.5,49.4,Medium
EMP0293,Norderstedt,53.708143,10.004624,12.11,10.1,6.0,27.7,0,13.0,56.9,46–60 min,53.4,48.0,Medium
EMP0294,Hamburg-Altona,53.568727,9.894874,21.12,9.1,5.7,29.1,0,7.8,51.7,46–60 min,64.1,60.7,Medium
EMP0295,Hamburg-Harburg,53.461096,9.95601,21.86,9.9,10.6,45.6,1,14.2,84.3,>60 min,23.6,19.1,Low
EMP0296,Norderstedt,53.679311,9.970722,21.96,4.4,5.7,32.8,1,7.9,54.7,46–60 min,60.7,60.5,Medium
EMP0297,Ahrensburg,53.633806,10.271702,28.84,2.7,8.1,51.7,2,12.2,82.7,>60 min,28.6,28.8,Low
EMP0298,Hamburg-Harburg,53.399418,10.005853,25.22,10.4,3.8,50.2,0,7.9,72.2,>60 min,45.2,40.9,Medium
EMP0299,Hamburg-Bergedorf,53.521823,10.222765,24.7,11.6,5.2,50.8,1,5.9,77.5,>60 min,36.0,33.7,Low
EMP0300,Hamburg-Wandsbek,53.539824,10.070774,20.97,14.1,9.2,30.6,3,8.1,74.0,>60 min,23.2,23.3,Low
EMP0301,Hamburg-Bergedorf,53.462341,10.21541,29.46,12.0,8.3,37.2,0,8.7,66.3,>60 min,47.8,42.9,Medium
EMP0302,Hamburg-Altona,53.577597,9.956573,21.54,3.6,9.4,30.9,1,12.3,60.1,>60 min,52.5,51.1,Medium
EMP0303,Hamburg-Nord,53.610447,10.032073,12.03,9.9,3.2,28.1,0,9.0,50.2,46–60 min,63.3,59.3,Medium
EMP0304,Hamburg-Nord,53.614106,10.034637,2.0,6.7,4.3,28.6,1,8.9,52.6,46–60 min,59.0,57.8,Medium
EMP0305,Hamburg-Harburg,53.434392,9.98239,31.67,9.6,4.4,29.5,1,9.7,57.2,46–60 min,51.5,49.1,Medium
EMP0306,Hamburg-Nord,53.63155,10.017432,20.1,6.1,14.0,31.1,3,9.7,72.9,>60 min,30.6,32.6,Low
EMP0307,Hamburg-Eimsbüttel,53.544331,9.948738,9.63,2.2,6.2,42.3,1,4.0,58.6,46–60 min,61.6,62.5,Medium
EMP0308,Hamburg-Wandsbek,53.580029,10.070261,25.58,5.3,6.1,31.8,1,5.8,53.0,46–60 min,63.3,63.4,Medium
EMP0309,Hamburg-Eimsbüttel,53.594229,9.961124,10.84,9.4,3.4,30.8,0,10.0,53.7,46–60 min,59.9,55.7,Medium
EMP0310,Hamburg-Altona,53.558854,9.953971,28.32,9.4,7.8,34.4,2,8.8,68.4,>60 min,37.6,37.1,Low
EMP0311,Hamburg-Nord,53.595359,10.066333,9.32,8.8,8.1,24.1,2,8.7,57.8,46–60 min,47.2,47.1,Medium
EMP0312,Hamburg-Nord,53.559997,10.047,9.8,6.0,13.6,17.3,2,6.6,51.5,46–60 min,57.6,59.2,Medium
EMP0313,Hamburg-Eimsbüttel,53.562582,9.945029,14.64,5.8,8.0,29.7,1,11.9,59.5,46–60 min,51.1,49.1,Medium
EMP0314,Hamburg-Eimsbüttel,53.589758,9.948374,17.82,4.2,6.5,17.7,0,9.2,37.6,31–45 min,79.6,77.6,High
EMP0315,Hamburg-Eimsbüttel,53.588652,9.977262,18.52,11.5,5.3,35.6,2,10.8,71.2,>60 min,31.1,29.3,Low
EMP0316,Hamburg-Eimsbüttel,53.528689,9.926369,18.25,5.2,2.0,35.7,0,5.3,48.2,46–60 min,73.5,72.1,High
EMP0317,Hamburg-Eimsbüttel,53.563078,9.988718,13.04,12.1,10.1,22.3,1,13.5,61.9,>60 min,41.3,36.9,Low
EMP0318,Hamburg-Wandsbek,53.614372,10.078253,15.67,6.9,3.2,26.2,1,10.2,50.4,46–60 min,59.5,58.0,Medium
EMP0319,Hamburg-Eimsbüttel,53.572528,9.960084,16.95,7.0,6.3,30.2,2,5.8,57.4,46–60 min,52.3,53.7,Medium
EMP0320,Norderstedt,53.68843,9.989584,2.61,6.8,5.7,17.8,1,7.1,41.3,31–45 min,70.4,70.0,High
EMP0321,Norderstedt,53.683604,10.006356,5.03,10.7,6.1,29.7,1,7.1,57.5,46–60 min,52.7,50.8,Medium
EMP0322,Hamburg-Nord,53.652933,10.028454,7.35,8.7,6.1,21.0,1,8.7,48.5,46–60 min,60.8,59.1,Medium
EMP0323,Hamburg-Eimsbüttel,53.57715,9.891646,27.1,9.7,8.6,29.5,2,7.6,63.4,>60 min,42.7,42.6,Medium
EMP0324,Hamburg-Nord,53.569386,10.009549,7.55,7.7,6.2,36.9,0,16.2,67.0,>60 min,44.0,38.1,Low
EMP0325,Hamburg-Harburg,53.476423,9.944487,20.71,8.3,7.3,35.8,1,2.4,57.8,46–60 min,59.7,59.8,Medium
EMP0326,Hamburg-Wandsbek,53.585614,10.044076,25.38,12.9,7.1,29.3,1,2.9,56.2,46–60 min,55.9,54.6,Medium
EMP0327,Hamburg-Harburg,53.415945,9.988891,29.92,6.5,4.3,34.8,1,4.4,53.9,46–60 min,62.7,62.9,Medium
EMP0328,Hamburg-Nord,53.580567,10.007592,12.34,6.5,3.5,32.6,0,12.2,54.8,46–60 min,59.6,55.5,Medium
EMP0329,Hamburg-Wandsbek,53.606962,10.024053,15.66,7.2,2.0,28.3,0,5.8,43.3,31–45 min,75.1,73.0,High
EMP0330,Hamburg-Eimsbüttel,53.569224,9.909544,6.87,3.9,7.8,26.9,1,13.4,56.0,46–60 min,54.5,52.8,Medium
EMP0331,Hamburg-Bergedorf,53.468349,10.178785,44.53,15.3,9.2,39.6,1,3.2,71.4,>60 min,40.1,37.6,Low
EMP0332,Hamburg-Altona,53.542516,9.901951,21.94,1.3,7.3,31.5,1,7.3,51.3,46–60 min,67.2,68.2,Medium
EMP0333,Hamburg-Wandsbek,53.558556,10.043031,13.39,10.0,2.2,45.1,0,8.0,65.3,>60 min,51.3,47.3,Medium
EMP0334,Hamburg-Harburg,53.499414,9.983455,28.41,10.3,8.9,53.8,2,9.1,90.1,>60 min,22.7,21.5,Low
EMP0335,Hamburg-Altona,53.550336,9.933797,8.18,7.1,9.1,39.6,1,5.5,65.3,>60 min,51.3,50.7,Medium
EMP0336,Hamburg-Wandsbek,53.558405,10.114413,9.98,5.8,5.1,37.5,0,15.2,63.5,>60 min,50.0,45.0,Medium
EMP0337,Hamburg-Altona,53.527876,9.905157,18.56,6.1,5.6,44.5,1,5.5,65.7,>60 min,51.9,51.6,Medium
EMP0338,Hamburg-Bergedorf,53.544528,10.201608,31.41,4.9,5.4,39.7,0,6.1,56.2,46–60 min,66.1,64.4,Medium
EMP0339,Hamburg-Altona,53.544331,9.924274,21.96,8.9,6.6,32.0,0,8.9,56.3,46–60 min,59.2,55.4,Medium
EMP0340,Norderstedt,53.667298,9.992086,14.18,1.9,5.9,17.0,0,5.6,30.4,31–45 min,91.1,90.9,High
EMP0341,Hamburg-Altona,53.544628,9.915512,26.07,4.9,3.6,28.5,0,7.1,44.1,31–45 min,75.5,73.7,High
EMP0342,Ahrensburg,53.686742,10.21405,22.09,4.2,7.4,51.2,2,8.8,79.5,>60 min,33.2,34.1,Low
EMP0343,Hamburg-Harburg,53.445371,9.980156,33.81,11.5,12.5,47.1,3,9.1,92.2,>60 min,15.9,16.2,Low
EMP0344,Hamburg-Wandsbek,53.607215,10.074087,18.14,8.6,4.6,27.1,1,9.1,53.4,46–60 min,56.4,54.5,Medium
EMP0345,Hamburg-Bergedorf,53.56196,10.224384,30.97,8.6,5.1,44.3,1,4.3,66.3,>60 min,50.1,49.4,Medium
EMP0346,Hamburg-Bergedorf,53.451308,10.219773,21.34,5.9,4.9,48.7,0,7.5,67.1,>60 min,54.5,51.8,Medium
EMP0347,Norderstedt,53.699978,9.97146,6.4,5.5,6.8,20.6,0,6.3,39.2,31–45 min,79.9,78.3,High
EMP0348,Hamburg-Eimsbüttel,53.601588,9.933698,17.47,9.7,6.3,38.9,1,9.1,68.1,>60 min,42.7,40.2,Medium
EMP0349,Hamburg-Wandsbek,53.579494,10.07439,20.68,6.1,3.6,41.3,2,8.5,67.6,>60 min,41.8,42.4,Medium
EMP0350,Hamburg-Altona,53.58523,9.960819,16.94,12.2,5.7,27.4,1,4.4,53.7,46–60 min,57.2,55.6,Medium
EMP0351,Hamburg-Wandsbek,53.569554,10.106413,11.7,8.2,3.4,46.2,0,6.9,64.7,>60 min,54.8,51.6,Medium
EMP0352,Hamburg-Altona,53.576531,9.948088,23.3,14.8,3.0,27.9,1,8.2,57.9,46–60 min,47.2,43.7,Medium
EMP0353,Hamburg-Nord,53.633273,9.947442,9.89,7.3,8.7,31.4,0,9.7,57.1,46–60 min,59.3,55.8,Medium
EMP0354,Hamburg-Wandsbek,53.604149,10.051698,18.14,11.8,6.1,38.2,0,12.4,68.6,>60 min,42.3,36.3,Low
EMP0355,Hamburg-Nord,53.58,10.030701,16.4,6.2,5.2,37.8,1,11.4,64.6,>60 min,47.0,44.9,Medium
EMP0356,Hamburg-Nord,53.640515,9.997004,6.14,10.2,4.6,38.1,0,7.7,60.6,>60 min,55.4,51.5,Medium
EMP0357,Hamburg-Bergedorf,53.44968,10.235686,31.21,9.0,7.8,39.6,0,7.8,64.2,>60 min,53.5,49.8,Medium
EMP0358,Hamburg-Bergedorf,53.424334,10.211143,29.3,7.6,13.5,50.3,3,18.0,101.3,>60 min,10.9,9.7,Low
EMP0359,Hamburg-Nord,53.650146,10.051573,14.17,12.4,3.9,23.3,0,9.1,48.7,46–60 min,62.1,57.4,Medium
EMP0360,Hamburg-Wandsbek,53.595645,10.040184,20.65,9.4,2.3,27.4,0,4.0,43.1,31–45 min,75.0,72.8,High
EMP0361,Norderstedt,53.677228,9.995248,2.0,2.9,8.0,26.0,3,7.7,56.7,46–60 min,49.6,53.5,Medium
EMP0362,Hamburg-Altona,53.551132,9.94653,34.13,9.0,3.7,27.7,1,2.0,46.4,46–60 min,69.0,69.3,Medium
EMP0363,Hamburg-Altona,53.590326,9.909706,13.98,9.2,9.2,28.2,2,6.9,61.4,>60 min,45.6,45.9,Medium
EMP0364,Hamburg-Altona,53.615602,9.976687,23.24,8.8,2.5,17.7,1,3.1,36.1,31–45 min,76.8,77.1,High
EMP0365,Hamburg-Wandsbek,53.580342,10.075797,25.32,7.2,8.6,45.1,2,8.0,77.0,>60 min,33.2,33.4,Low
EMP0366,Hamburg-Nord,53.708131,9.984226,15.26,12.1,9.7,33.8,1,11.6,71.3,>60 min,35.0,30.9,Low
EMP0367,Hamburg-Bergedorf,53.534272,10.268026,24.23,5.9,10.9,51.2,3,9.3,89.3,>60 min,21.3,23.2,Low
EMP0368,Hamburg-Wandsbek,53.558679,10.087775,15.71,9.8,6.3,39.8,2,8.6,72.5,>60 min,33.8,33.2,Low
EMP0369,Hamburg-Eimsbüttel,53.564164,9.96206,14.39,7.9,7.9,36.0,0,8.6,60.5,>60 min,56.9,53.4,Medium
EMP0370,Norderstedt,53.697295,10.012977,4.78,1.0,9.5,29.8,1,5.6,50.0,46–60 min,68.9,70.1,High
EMP0371,Hamburg-Bergedorf,53.525529,10.218556,32.06,6.6,3.4,42.6,0,10.6,63.2,>60 min,53.9,50.2,Medium
EMP0372,Hamburg-Eimsbüttel,53.569013,9.940543,20.6,4.2,5.7,35.2,1,4.8,53.8,46–60 min,64.7,65.5,Medium
EMP0373,Hamburg-Eimsbüttel,53.557147,9.932998,26.15,5.1,5.7,11.7,1,12.2,38.7,31–45 min,69.2,67.8,Medium
EMP0374,Hamburg-Eimsbüttel,53.586277,9.943464,16.45,7.6,9.1,28.5,1,9.2,58.4,46–60 min,52.9,51.2,Medium
EMP0375,Hamburg-Altona,53.534158,9.935307,15.67,6.0,7.2,32.5,0,13.0,58.7,46–60 min,55.9,51.7,Medium
EMP0376,Hamburg-Altona,53.553136,9.936304,21.96,8.0,2.0,50.7,0,8.8,69.5,>60 min,49.0,45.2,Medium
EMP0377,Norderstedt,53.765595,9.967104,2.0,6.7,3.9,21.6,0,7.9,40.1,31–45 min,76.2,73.7,High
EMP0378,Hamburg-Nord,53.62416,10.037052,18.27,8.3,4.1,30.9,0,3.5,46.9,46–60 min,73.3,71.5,High
EMP0379,Hamburg-Eimsbüttel,53.57879,9.938227,10.87,2.7,7.7,22.5,1,13.5,50.3,46–60 min,60.5,59.1,Medium
EMP0380,Hamburg-Bergedorf,53.497546,10.193719,26.64,8.1,5.5,31.7,1,7.3,56.6,46–60 min,56.0,54.8,Medium
EMP0381,Hamburg-Nord,53.579183,9.997479,3.21,1.2,6.7,34.2,1,9.2,55.3,46–60 min,62.0,62.3,Medium
EMP0382,Norderstedt,53.675091,9.93034,4.78,8.5,7.2,18.4,1,6.9,45.0,46–60 min,65.7,64.7,Medium
EMP0383,Hamburg-Bergedorf,53.445229,10.287003,26.46,10.9,3.4,46.6,1,9.3,74.2,>60 min,36.0,33.0,Low
EMP0384,Hamburg-Nord,53.624244,9.99924,13.88,10.6,11.9,17.9,2,2.0,50.4,46–60 min,58.5,60.1,Medium
EMP0385,Hamburg-Eimsbüttel,53.548115,9.926921,23.69,10.2,8.4,29.7,2,6.9,63.1,>60 min,43.2,43.2,Medium
EMP0386,Pinneberg,53.65336,9.78286,17.71,4.5,4.0,40.5,1,8.8,61.8,>60 min,53.6,52.9,Medium
EMP0387,Hamburg-Wandsbek,53.58027,10.106125,30.57,12.6,4.6,48.2,2,7.8,81.2,>60 min,24.5,23.0,Low
EMP0388,Ahrensburg,53.708955,10.263909,26.2,5.7,5.6,37.1,0,7.5,55.9,46–60 min,64.1,61.7,Medium
EMP0389,Hamburg-Altona,53.510285,9.929338,21.02,10.3,6.5,28.4,0,3.7,48.9,46–60 min,69.3,66.8,Medium
EMP0390,Hamburg-Harburg,53.442313,10.004542,33.09,3.5,11.8,31.8,2,7.8,62.9,>60 min,49.0,50.7,Medium
EMP0391,Hamburg-Wandsbek,53.547279,10.094849,22.61,3.8,4.5,40.7,1,5.1,58.0,46–60 min,61.1,61.8,Medium
EMP0392,Hamburg-Altona,53.626076,9.916345,23.54,8.1,8.8,34.1,2,12.2,71.1,>60 min,33.2,32.0,Low
EMP0393,Hamburg-Wandsbek,53.603847,10.079579,27.92,7.2,6.8,39.7,2,6.3,67.9,>60 min,42.7,43.6,Medium
EMP0394,Hamburg-Wandsbek,53.616039,10.056258,32.71,7.1,3.5,31.5,0,15.3,57.3,46–60 min,53.9,48.7,Medium
EMP0395,Hamburg-Altona,53.553773,9.91577,21.38,9.5,10.4,29.9,3,8.8,70.5,>60 min,30.1,31.4,Low
EMP0396,Hamburg-Nord,53.587942,9.990905,6.58,13.1,8.5,33.4,0,4.8,59.9,46–60 min,56.1,52.2,Medium
EMP0397,Hamburg-Harburg,53.478908,9.958969,20.15,9.0,11.7,41.2,3,3.9,77.7,>60 min,29.5,32.2,Low
EMP0398,Hamburg-Eimsbüttel,53.606806,9.931283,14.98,12.8,6.0,23.9,1,10.2,57.0,46–60 min,47.9,44.4,Medium
EMP0399,Hamburg-Nord,53.605864,10.022248,13.91,8.3,5.9,36.5,2,10.9,69.5,>60 min,35.7,34.9,Low
EMP0400,Hamburg-Nord,53.618704,10.073827,17.45,11.1,9.4,28.1,1,4.4,57.0,46–60 min,55.4,54.1,Medium
EMP0401,Hamburg-Eimsbüttel,53.592264,9.976446,9.36,3.5,5.6,34.9,0,8.0,52.0,46–60 min,69.2,67.4,Medium
EMP0402,Norderstedt,53.693416,9.964523,14.46,6.8,2.0,14.3,1,2.4,29.5,≤30 min,85.1,86.4,High
EMP0403,Hamburg-Bergedorf,53.512702,10.181006,32.77,11.0,8.7,42.5,2,6.0,76.2,>60 min,32.2,31.9,Low
EMP0404,Hamburg-Altona,53.459809,9.940367,20.71,9.9,6.0,36.5,0,5.8,58.3,46–60 min,59.6,56.4,Medium
EMP0405,Pinneberg,53.691112,9.809065,20.63,9.9,8.6,39.2,2,9.3,75.1,>60 min,30.8,29.8,Low
EMP0406,Norderstedt,53.722202,9.97762,7.89,3.3,8.1,18.2,1,2.0,35.6,31–45 min,81.2,82.7,High
EMP0407,Hamburg-Eimsbüttel,53.613647,9.956002,21.09,9.4,6.1,44.0,1,9.5,73.1,>60 min,38.3,35.7,Low
EMP0408,Hamburg-Harburg,53.456324,9.978378,32.46,7.1,11.8,51.9,2,10.3,89.1,>60 min,24.6,24.0,Low
EMP0409,Hamburg-Altona,53.554928,9.99473,17.41,9.7,4.2,35.5,1,7.7,61.1,>60 min,50.2,48.3,Medium
EMP0410,Pinneberg,53.679772,9.77235,34.39,6.7,4.5,35.6,1,6.0,56.8,46–60 min,58.4,57.9,Medium
EMP0411,Hamburg-Wandsbek,53.612548,10.055561,18.76,7.9,5.8,44.8,0,8.2,66.6,>60 min,52.2,48.7,Medium
EMP0412,Hamburg-Wandsbek,53.543021,9.969972,23.88,4.9,2.6,25.5,0,2.7,35.7,31–45 min,86.6,86.2,High
EMP0413,Hamburg-Altona,53.550731,9.909939,19.89,4.9,8.3,29.2,1,6.6,52.9,46–60 min,63.0,63.1,Medium
EMP0414,Norderstedt,53.678798,9.988637,9.56,5.8,8.5,23.4,1,5.7,47.4,46–60 min,67.6,67.8,Medium
EMP0415,Hamburg-Altona,53.541242,9.952009,10.26,7.7,3.1,34.6,0,5.4,50.8,46–60 min,68.6,66.3,Medium
EMP0416,Hamburg-Eimsbüttel,53.588955,9.953788,13.32,5.9,4.4,39.1,3,15.6,76.9,>60 min,21.5,21.7,Low
EMP0417,Hamburg-Altona,53.600423,9.938027,13.43,8.8,3.1,37.1,0,12.0,61.0,>60 min,52.3,47.5,Medium
EMP0418,Hamburg-Bergedorf,53.523751,10.235258,26.44,6.1,7.6,42.8,2,6.1,70.7,>60 min,41.5,42.8,Medium
EMP0419,Hamburg-Altona,53.55224,9.958785,26.47,8.8,6.3,33.0,1,5.8,57.9,46–60 min,55.6,54.6,Medium
EMP0420,Norderstedt,53.703793,9.995661,2.16,4.5,7.3,24.1,2,2.6,46.5,46–60 min,66.4,69.5,Medium
EMP0421,Hamburg-Wandsbek,53.590418,9.983904,23.72,6.3,7.3,30.9,2,11.3,63.9,>60 min,42.0,41.7,Medium
EMP0422,Hamburg-Altona,53.52027,9.944746,18.07,5.3,7.3,31.1,0,7.8,51.5,46–60 min,68.0,65.7,Medium
EMP0423,Hamburg-Altona,53.551889,9.911566,17.67,7.0,2.0,31.7,0,7.5,48.2,46–60 min,69.4,66.8,Medium
EMP0424,Hamburg-Altona,53.549649,9.92936,19.37,10.7,4.8,33.6,0,10.4,59.5,46–60 min,53.2,48.3,Medium
EMP0425,Hamburg-Wandsbek,53.593761,10.097684,27.2,8.8,2.0,28.2,0,10.3,49.2,46–60 min,64.1,60.1,Medium
EMP0426,Hamburg-Harburg,53.460375,10.065724,24.72,3.7,4.5,40.1,1,13.4,65.7,>60 min,46.5,44.5,Medium
EMP0427,Hamburg-Eimsbüttel,53.615022,9.955,7.01,8.9,8.6,41.6,1,12.8,76.0,>60 min,33.0,29.5,Low
EMP0428,Hamburg-Harburg,53.415821,9.977857,22.9,1.0,6.4,50.2,0,7.0,64.6,>60 min,61.9,60.9,Medium
EMP0429,Hamburg-Altona,53.505299,9.895429,20.41,8.1,5.6,43.8,0,7.0,64.5,>60 min,55.0,51.9,Medium
EMP0430,Hamburg-Harburg,53.452114,10.014238,32.4,8.0,2.0,49.6,0,13.9,73.6,>60 min,40.3,34.9,Low
EMP0431,Norderstedt,53.689642,10.00935,10.26,3.4,6.6,28.8,1,9.1,51.7,46–60 min,63.0,62.8,Medium
EMP0432,Hamburg-Bergedorf,53.471466,10.22439,30.4,6.6,6.4,63.8,1,4.0,84.8,>60 min,36.9,36.4,Low
EMP0433,Hamburg-Wandsbek,53.561469,10.13144,19.17,7.9,5.2,19.1,2,8.5,48.8,46–60 min,56.1,56.6,Medium
EMP0434,Hamburg-Harburg,53.422375,9.955652,16.32,6.2,6.9,39.8,3,10.3,75.2,>60 min,27.9,29.7,Low
EMP0435,Hamburg-Altona,53.557624,9.904917,22.42,3.2,7.4,17.9,0,5.8,34.2,31–45 min,86.9,86.3,High
EMP0436,Hamburg-Altona,53.529873,9.935736,23.78,3.4,6.8,33.7,0,4.6,48.4,46–60 min,75.8,75.1,High
EMP0437,Hamburg-Altona,53.532688,9.919129,11.2,7.0,8.9,50.3,1,7.4,77.7,>60 min,38.9,37.5,Low
EMP0438,Hamburg-Nord,53.612595,9.993017,6.78,7.3,6.0,34.8,0,3.2,51.3,46–60 min,70.8,69.3,Medium
EMP0439,Hamburg-Bergedorf,53.469449,10.257794,23.75,7.0,5.6,48.8,2,14.5,83.8,>60 min,21.1,19.3,Low
EMP0440,Hamburg-Wandsbek,53.572793,10.087912,24.65,9.7,7.4,29.2,2,9.6,64.0,>60 min,40.2,39.5,Low
EMP0441,Hamburg-Harburg,53.429355,9.977291,23.0,12.8,4.3,54.4,1,7.5,83.0,>60 min,28.5,25.2,Low
EMP0442,Hamburg-Altona,53.589218,9.958552,32.64,9.8,9.9,36.5,3,11.8,79.9,>60 min,18.8,18.9,Low
EMP0443,Hamburg-Bergedorf,53.526889,10.228581,23.47,5.1,7.2,47.2,1,6.5,70.0,>60 min,48.3,47.9,Medium
EMP0444,Hamburg-Altona,53.557614,9.895548,24.97,2.8,4.3,36.2,0,7.8,51.2,46–60 min,70.7,69.2,Medium
EMP0445,Hamburg-Eimsbüttel,53.592091,9.927217,22.34,3.8,8.0,41.6,0,11.4,64.7,>60 min,54.8,51.6,Medium
EMP0446,Hamburg-Wandsbek,53.597971,10.061743,16.28,13.2,9.4,34.9,2,9.6,75.1,>60 min,27.2,25.2,Low
EMP0447,Pinneberg,53.686105,9.828249,17.85,7.2,7.2,38.7,1,5.7,62.9,>60 min,53.0,52.4,Medium
EMP0448,Hamburg-Wandsbek,53.510625,10.101311,22.48,5.5,9.1,23.4,0,7.8,45.8,46–60 min,72.7,70.5,High
EMP0449,Hamburg-Altona,53.555775,9.922716,16.1,5.3,4.0,39.0,0,6.0,54.3,46–60 min,67.4,65.6,Medium
EMP0450,Hamburg-Wandsbek,53.569377,10.058293,5.57,4.7,8.5,40.7,1,7.0,64.9,>60 min,52.6,52.3,Medium
EMP0451,Hamburg-Altona,53.609016,9.891837,9.73,8.4,6.9,43.0,1,9.7,72.0,>60 min,40.0,37.6,Low
EMP0452,Norderstedt,53.675903,9.968068,6.61,7.3,3.4,24.2,1,9.2,48.0,46–60 min,62.2,60.9,Medium
EMP0453,Hamburg-Wandsbek,53.575972,10.069518,16.64,9.3,5.1,35.3,0,11.2,60.9,>60 min,52.6,47.9,Medium
EMP0454,Hamburg-Altona,53.527541,9.944061,22.55,5.9,2.0,35.9,0,9.3,53.1,46–60 min,64.6,61.7,Medium
EMP0455,Hamburg-Altona,53.523982,9.919687,17.48,10.3,7.2,22.7,1,4.2,48.4,46–60 min,63.7,63.0,Medium
EMP0456,Hamburg-Altona,53.473275,9.931377,17.44,4.4,4.4,27.8,1,10.7,51.3,46–60 min,60.8,59.8,Medium
EMP0457,Pinneberg,53.690347,9.763219,17.68,7.5,9.0,24.9,1,10.5,55.9,46–60 min,54.0,52.0,Medium
EMP0458,Hamburg-Nord,53.555753,9.956187,14.26,10.1,4.9,16.8,1,5.7,41.5,31–45 min,68.4,67.4,Medium
EMP0459,Hamburg-Bergedorf,53.459425,10.226091,36.57,12.1,8.3,39.6,2,10.7,78.7,>60 min,24.1,22.0,Low
EMP0460,Hamburg-Wandsbek,53.550827,10.072362,26.81,7.9,4.4,34.9,1,7.2,58.4,46–60 min,54.6,53.4,Medium
EMP0461,Hamburg-Wandsbek,53.651983,10.070293,21.71,7.1,7.0,21.0,2,9.1,52.3,46–60 min,53.3,53.8,Medium
EMP0462,Hamburg-Altona,53.522479,9.915843,15.89,11.7,6.7,37.3,0,8.1,63.9,>60 min,50.8,46.2,Medium
EMP0463,Norderstedt,53.654094,10.035759,2.6,6.3,3.0,27.7,0,7.3,44.4,31–45 min,73.6,71.3,High
EMP0464,Hamburg-Eimsbüttel,53.632796,9.926323,22.45,8.9,6.0,21.3,1,9.4,49.6,46–60 min,58.9,56.9,Medium
EMP0465,Hamburg-Wandsbek,53.616151,10.066703,17.1,4.9,6.6,50.8,1,5.4,71.7,>60 min,48.1,48.1,Medium
EMP0466,Hamburg-Wandsbek,53.613116,10.073005,25.51,7.2,11.3,36.5,2,9.8,72.8,>60 min,34.9,34.7,Low
EMP0467,Hamburg-Wandsbek,53.636861,10.096794,18.94,5.9,6.3,39.4,1,10.0,65.5,>60 min,47.8,46.3,Medium
EMP0468,Norderstedt,53.700337,9.996534,5.06,10.1,8.4,22.7,3,8.8,62.0,>60 min,36.8,38.1,Low
EMP0469,Hamburg-Altona,53.501546,9.938381,26.47,6.3,4.0,32.5,0,9.4,52.2,46–60 min,64.9,61.8,Medium
EMP0470,Hamburg-Nord,53.629844,9.993731,20.13,12.8,8.1,30.0,2,5.7,64.6,>60 min,40.5,40.0,Medium
EMP0471,Hamburg-Nord,53.615304,9.992845,21.7,6.1,3.5,25.0,1,9.5,48.1,46–60 min,63.0,61.9,Medium
EMP0472,Hamburg-Nord,53.607239,10.007041,16.36,5.9,9.5,21.2,0,2.3,38.9,31–45 min,83.6,83.1,High
EMP0473,Hamburg-Altona,53.532021,9.914929,9.56,5.1,7.8,32.5,0,14.2,59.6,46–60 min,54.9,50.6,Medium
EMP0474,Hamburg-Altona,53.551953,9.938305,23.7,7.8,5.5,58.0,0,7.8,79.0,>60 min,42.1,38.5,Low
EMP0475,Hamburg-Eimsbüttel,53.545706,9.935,16.43,4.9,9.9,36.1,2,8.3,67.2,>60 min,43.6,44.7,Medium
EMP0476,Hamburg-Eimsbüttel,53.549987,9.940152,7.18,7.3,7.5,28.2,2,8.8,59.8,46–60 min,47.0,47.3,Medium
EMP0477,Hamburg-Nord,53.645895,10.046526,7.3,4.0,6.6,35.9,2,9.1,63.6,>60 min,46.7,47.8,Medium
EMP0478,Hamburg-Wandsbek,53.575364,10.09285,22.29,9.8,8.8,22.2,2,10.8,59.5,46–60 min,42.7,41.7,Medium
EMP0479,Hamburg-Wandsbek,53.55411,10.091755,20.57,7.1,5.2,25.3,1,10.6,52.2,46–60 min,57.4,55.6,Medium
EMP0480,Hamburg-Nord,53.641649,10.024216,16.93,5.8,6.6,36.8,0,7.4,56.6,46–60 min,63.6,61.1,Medium
EMP0481,Hamburg-Nord,53.65435,10.043556,22.26,17.7,9.4,32.6,1,11.2,74.8,>60 min,27.7,22.3,Low
EMP0482,Hamburg-Altona,53.579101,9.949914,23.14,4.2,5.5,24.1,0,9.5,43.2,31–45 min,74.5,72.2,High
EMP0483,Hamburg-Wandsbek,53.623792,10.058324,27.23,9.6,6.5,37.2,2,5.0,66.3,>60 min,42.9,43.5,Medium
EMP0484,Hamburg-Eimsbüttel,53.536854,9.959572,27.85,9.8,5.6,17.2,1,6.0,42.6,31–45 min,67.4,66.4,Medium
EMP0485,Hamburg-Altona,53.605124,9.949409,25.56,5.0,5.0,36.4,1,10.7,61.1,>60 min,51.7,50.3,Medium
EMP0486,Hamburg-Nord,53.608737,10.038587,7.56,5.3,7.9,49.4,0,9.0,71.7,>60 min,49.6,46.5,Medium
EMP0487,Hamburg-Nord,53.600664,10.06053,12.81,9.2,11.6,23.5,2,5.7,58.0,46–60 min,49.7,50.4,Medium
EMP0488,Hamburg-Eimsbüttel,53.593976,9.983247,22.44,10.1,6.4,23.7,1,5.1,49.4,46–60 min,62.3,61.3,Medium
EMP0489,Hamburg-Wandsbek,53.641975,10.150791,22.13,2.2,4.8,43.6,1,8.8,63.3,>60 min,54.6,54.5,Medium
EMP0490,Hamburg-Nord,53.660627,10.053074,13.82,5.6,5.8,34.5,0,9.6,55.4,46–60 min,62.7,59.7,Medium
EMP0491,Hamburg-Wandsbek,53.592016,10.084243,23.13,4.8,7.3,45.1,0,10.4,67.6,>60 min,52.2,48.9,Medium
EMP0492,Hamburg-Wandsbek,53.565232,10.090366,21.82,1.9,7.5,32.7,1,7.8,53.9,46–60 min,63.9,64.5,Medium
EMP0493,Hamburg-Wandsbek,53.580316,10.062443,19.42,11.0,6.4,38.0,1,5.5,64.8,>60 min,47.8,46.0,Medium
EMP0494,Hamburg-Eimsbüttel,53.575133,9.994547,26.89,8.4,5.4,29.4,1,13.8,61.0,>60 min,45.4,42.0,Medium
EMP0495,Hamburg-Bergedorf,53.484541,10.213918,35.38,10.3,5.2,47.5,0,8.9,71.8,>60 min,44.7,40.1,Medium
EMP0496,Hamburg-Nord,53.655826,10.05438,14.28,7.2,3.7,39.8,0,11.0,61.7,>60 min,54.2,50.2,Medium
EMP0497,Hamburg-Nord,53.561434,9.995143,3.46,4.2,8.2,22.6,0,7.2,42.2,31–45 min,77.6,76.1,High
EMP0498,Hamburg-Wandsbek,53.523292,10.121592,29.05,8.9,6.2,41.5,0,9.9,66.4,>60 min,49.7,45.4,Medium
EMP0499,Hamburg-Eimsbüttel,53.575769,9.922869,6.49,7.1,8.8,21.4,1,10.2,51.5,46–60 min,58.4,56.7,Medium
EMP0500,Hamburg-Nord,53.62837,10.048755,2.14,9.5,9.2,40.3,1,10.3,73.4,>60 min,37.2,34.2,Low
EMP0501,Hamburg-Bergedorf,53.510044,10.203068,29.76,7.2,4.6,55.5,0,4.4,71.8,>60 min,52.3,50.0,Medium
EMP0502,Norderstedt,53.662837,10.01047,8.89,3.9,2.0,30.1,0,8.3,44.3,31–45 min,75.0,73.2,High
EMP0503,Norderstedt,53.656753,10.003195,6.97,3.2,7.5,17.3,1,6.0,37.9,31–45 min,78.1,79.2,High
EMP0504,Hamburg-Nord,53.58389,10.072733,10.8,7.8,8.3,24.3,2,11.5,60.0,46–60 min,43.6,43.0,Medium
EMP0505,Hamburg-Nord,53.626744,10.015166,17.4,4.9,7.7,34.6,1,5.8,57.0,46–60 min,60.2,60.4,Medium
EMP0506,Hamburg-Bergedorf,53.51736,10.2146,32.23,4.8,9.5,40.2,1,7.6,66.0,>60 min,50.9,50.3,Medium
EMP0507,Hamburg-Eimsbüttel,53.590885,9.972167,10.71,6.6,2.9,28.9,0,9.4,47.8,46–60 min,68.3,65.3,Medium
EMP0508,Hamburg-Harburg,53.512264,9.958884,32.78,5.0,8.1,40.7,1,10.0,67.9,>60 min,46.6,45.2,Medium
EMP0509,Hamburg-Nord,53.620573,10.001979,16.7,5.0,5.4,28.0,1,5.8,48.3,46–60 min,67.5,67.9,Medium
EMP0510,Hamburg-Altona,53.529726,9.937225,13.46,9.8,2.0,27.9,0,10.2,49.8,46–60 min,62.7,58.4,Medium
EMP0511,Hamburg-Altona,53.552371,9.888768,22.41,5.2,5.9,24.2,0,6.5,41.7,31–45 min,77.9,76.3,High
EMP0512,Hamburg-Harburg,53.474209,9.955818,32.07,6.1,6.0,41.8,2,6.8,68.7,>60 min,42.6,43.6,Medium
EMP0513,Hamburg-Altona,53.550876,9.913427,18.63,10.5,5.4,22.7,0,7.5,46.2,46–60 min,67.6,64.0,Medium
EMP0514,Hamburg-Eimsbüttel,53.578314,9.959275,8.73,9.8,10.6,33.3,3,7.9,73.7,>60 min,28.1,29.4,Low
EMP0515,Hamburg-Eimsbüttel,53.592966,9.946049,9.97,9.8,8.7,31.5,2,4.4,62.3,>60 min,46.7,47.6,Medium
EMP0516,Hamburg-Altona,53.600744,10.009678,11.94,9.7,6.8,32.6,2,6.1,63.2,>60 min,44.4,44.7,Medium
EMP0517,Hamburg-Eimsbüttel,53.579898,9.971614,15.25,9.3,4.1,25.8,1,4.0,47.3,46–60 min,65.9,65.5,Medium
EMP0518,Hamburg-Bergedorf,53.520925,10.238562,24.93,7.0,7.1,53.0,2,3.3,78.3,>60 min,37.0,38.7,Low
EMP0519,Hamburg-Altona,53.575494,9.929378,16.61,9.5,5.3,25.6,0,12.5,52.9,46–60 min,58.0,53.1,Medium
EMP0520,Hamburg-Harburg,53.449353,9.958513,29.92,5.0,7.4,46.4,1,8.2,71.0,>60 min,45.8,44.9,Medium
EMP0521,Hamburg-Harburg,53.458042,9.986884,26.7,8.9,7.0,58.5,3,7.0,93.4,>60 min,20.6,22.3,Low
EMP0522,Hamburg-Eimsbüttel,53.575789,9.961817,15.38,9.4,9.3,26.5,3,10.8,67.9,>60 min,30.5,31.3,Low
EMP0523,Hamburg-Altona,53.564069,9.803327,27.37,15.6,4.0,39.3,0,8.6,67.5,>60 min,43.3,37.4,Low
EMP0524,Hamburg-Wandsbek,53.502751,10.095615,21.95,10.0,8.4,22.0,1,13.8,58.2,46–60 min,46.2,42.4,Medium
EMP0525,Hamburg-Altona,53.585887,9.875364,30.5,11.5,7.9,38.7,1,9.1,71.1,>60 min,38.4,35.3,Low
EMP0526,Hamburg-Eimsbüttel,53.570687,9.901255,12.71,3.5,10.7,19.3,3,5.5,50.9,46–60 min,56.3,60.8,Medium
EMP0527,Ahrensburg,53.672613,10.24294,30.01,7.0,8.6,45.3,2,8.0,76.9,>60 min,33.4,33.7,Low
EMP0528,Pinneberg,53.656796,9.787297,16.18,7.4,6.6,44.2,1,6.1,68.2,>60 min,47.9,47.0,Medium
EMP0529,Hamburg-Bergedorf,53.471709,10.194371,41.37,3.1,3.9,49.9,0,9.1,66.0,>60 min,56.6,54.2,Medium
EMP0530,Hamburg-Eimsbüttel,53.566207,9.943274,26.87,5.0,4.7,44.3,1,2.8,60.8,>60 min,59.7,60.6,Medium
EMP0531,Hamburg-Wandsbek,53.625061,10.100959,20.33,12.3,4.3,55.6,2,10.0,90.2,>60 min,19.7,17.6,Low
EMP0532,Hamburg-Wandsbek,53.615351,9.970383,17.22,8.1,6.8,39.8,1,5.0,63.7,>60 min,52.1,51.5,Medium
EMP0533,Hamburg-Eimsbüttel,53.600909,9.961811,13.22,9.1,5.0,19.9,0,15.7,49.8,46–60 min,57.8,52.0,Medium
EMP0534,Hamburg-Wandsbek,53.565979,10.120158,11.74,8.5,6.9,38.1,1,10.4,67.9,>60 min,42.8,40.3,Medium
EMP0535,Hamburg-Altona,53.496245,9.948568,17.98,4.0,5.1,34.3,0,2.0,45.3,46–60 min,78.4,77.8,High
EMP0536,Hamburg-Altona,53.57161,9.950622,23.5,10.0,7.3,43.1,0,2.7,63.0,>60 min,58.7,56.3,Medium
EMP0537,Hamburg-Nord,53.61974,10.053513,14.33,10.6,4.7,18.0,0,2.5,35.9,31–45 min,81.3,79.4,High
EMP0538,Hamburg-Altona,53.624337,9.951992,2.0,11.4,7.1,35.9,1,5.4,63.9,>60 min,48.3,46.4,Medium
EMP0539,Hamburg-Altona,53.54885,9.939485,29.91,6.2,4.0,31.2,0,13.8,55.2,46–60 min,58.0,53.5,Medium
EMP0540,Hamburg-Harburg,53.460119,10.019313,28.7,11.6,7.1,44.6,1,9.8,77.1,>60 min,32.5,29.0,Low
EMP0541,Pinneberg,53.709227,9.8134,17.66,6.2,4.0,27.7,0,7.2,45.0,46–60 min,73.3,71.1,High
EMP0542,Hamburg-Nord,53.621761,10.08818,6.04,5.3,10.2,41.0,2,5.8,70.3,>60 min,43.0,44.6,Medium
EMP0543,Hamburg-Harburg,53.426153,9.975502,25.74,8.6,8.9,48.3,3,5.7,83.5,>60 min,23.1,25.3,Low
EMP0544,Pinneberg,53.654672,9.806814,22.63,6.3,8.3,55.1,1,5.0,78.7,>60 min,41.2,40.7,Medium
EMP0545,Hamburg-Altona,53.495289,9.95023,18.77,7.2,6.8,36.7,1,9.3,64.0,>60 min,48.5,46.7,Medium
EMP0546,Hamburg-Nord,53.61607,9.995661,13.25,10.9,2.8,26.9,0,15.6,56.1,46–60 min,50.7,44.3,Medium
EMP0547,Hamburg-Eimsbüttel,53.560441,9.94301,7.44,7.5,4.9,39.4,0,2.1,53.9,46–60 min,69.6,68.3,Medium
EMP0548,Hamburg-Altona,53.569091,9.933899,28.68,8.0,6.9,45.5,0,9.4,69.8,>60 min,48.1,44.1,Medium
EMP0549,Hamburg-Bergedorf,53.526971,10.267194,37.89,11.0,11.8,53.2,3,11.2,99.2,>60 min,14.3,14.0,Low
EMP0550,Hamburg-Nord,53.670534,10.025317,14.76,4.9,9.1,25.1,1,9.4,52.6,46–60 min,60.3,59.5,Medium
EMP0551,Hamburg-Nord,53.590589,10.058437,8.99,15.3,7.2,30.2,0,8.5,61.3,>60 min,48.9,43.2,Medium
EMP0552,Hamburg-Altona,53.598607,9.946044,24.7,11.5,4.9,31.1,0,11.4,58.9,46–60 min,52.0,46.6,Medium
EMP0553,Hamburg-Altona,53.587607,9.93577,31.99,13.9,8.4,32.1,0,10.7,65.1,>60 min,44.9,38.9,Low
EMP0554,Norderstedt,53.681803,9.980947,7.31,5.3,5.9,35.4,0,9.7,56.4,46–60 min,61.9,58.9,Medium
EMP0555,Hamburg-Altona,53.600735,9.941101,28.2,8.4,7.9,32.1,1,13.2,65.6,>60 min,42.1,38.8,Low
EMP0556,Hamburg-Eimsbüttel,53.617684,10.017764,14.55,9.7,8.9,36.2,3,7.5,74.4,>60 min,27.9,29.4,Low
EMP0557,Hamburg-Eimsbüttel,53.579301,9.963223,19.55,4.4,6.8,24.3,0,4.2,39.7,31–45 min,82.6,81.9,High
EMP0558,Hamburg-Nord,53.632923,10.027361,5.27,5.9,2.7,29.8,0,7.3,45.7,46–60 min,72.9,70.7,High
EMP0559,Hamburg-Wandsbek,53.5539,10.116712,27.06,9.8,4.4,26.1,2,2.5,50.8,46–60 min,58.4,60.1,Medium
EMP0560,Hamburg-Nord,53.603797,10.023893,14.56,17.6,3.8,35.6,0,2.0,59.0,46–60 min,55.2,50.8,Medium
EMP0561,Hamburg-Altona,53.54998,9.992229,29.57,5.3,3.7,22.4,1,10.3,45.7,46–60 min,65.0,63.9,Medium
EMP0562,Hamburg-Eimsbüttel,53.579407,9.945003,18.63,11.7,8.1,31.3,0,5.6,56.6,46–60 min,59.5,55.9,Medium
EMP0563,Hamburg-Harburg,53.412937,9.957489,24.68,7.8,3.9,45.0,0,11.9,68.7,>60 min,46.8,42.1,Medium
EMP0564,Hamburg-Wandsbek,53.56815,10.086334,21.03,12.5,6.1,43.6,0,7.4,69.6,>60 min,45.8,41.1,Medium
EMP0565,Hamburg-Wandsbek,53.533555,10.087836,16.2,6.5,4.4,45.4,0,2.0,58.3,46–60 min,66.9,65.8,Medium
EMP0566,Hamburg-Wandsbek,53.604083,10.044878,4.09,12.8,9.2,26.9,2,8.6,65.6,>60 min,36.7,35.3,Low
EMP0567,Hamburg-Bergedorf,53.486644,10.194633,34.58,3.7,6.4,51.3,0,7.4,68.9,>60 min,55.2,53.1,Medium
EMP0568,Hamburg-Altona,53.570408,9.894908,19.12,5.1,4.6,21.9,2,11.1,50.6,46–60 min,54.7,55.3,Medium
EMP0569,Hamburg-Eimsbüttel,53.584745,9.942458,24.64,9.5,11.2,26.8,2,8.3,63.9,>60 min,41.9,41.6,Medium
EMP0570,Hamburg-Nord,53.608144,9.979668,24.8,6.1,6.5,34.4,0,7.1,54.0,46–60 min,65.8,63.4,Medium
EMP0571,Hamburg-Eimsbüttel,53.571043,9.931687,20.98,4.0,3.9,31.5,0,10.3,49.8,46–60 min,68.3,65.8,Medium
EMP0572,Hamburg-Harburg,53.438894,9.948442,31.87,6.8,7.7,60.9,1,4.4,83.9,>60 min,36.9,36.3,Low
EMP0573,Hamburg-Nord,53.620613,10.03932,21.86,7.3,7.5,25.8,1,11.3,55.9,46–60 min,53.3,51.1,Medium
EMP0574,Hamburg-Bergedorf,53.487782,10.134255,31.74,10.2,8.1,40.3,1,4.5,67.1,>60 min,47.7,46.4,Medium
EMP0575,Hamburg-Harburg,53.42281,9.938825,21.39,14.2,8.7,61.4,2,5.3,97.6,>60 min,22.5,21.3,Low
EMP0576,Hamburg-Nord,53.594435,10.033933,9.99,10.3,3.9,44.5,1,10.1,72.9,>60 min,36.9,33.8,Low
EMP0577,Norderstedt,53.676002,10.028558,2.75,9.1,5.9,15.3,1,11.0,45.1,46–60 min,61.1,58.7,Medium
EMP0578,Hamburg-Wandsbek,53.575423,10.072501,17.67,8.9,7.6,35.9,0,8.5,61.0,>60 min,55.6,51.9,Medium
EMP0579,Hamburg-Harburg,53.441896,10.039954,25.1,8.4,4.2,48.5,1,5.9,71.1,>60 min,44.6,43.4,Medium
EMP0580,Hamburg-Eimsbüttel,53.587276,9.98215,20.69,11.0,2.1,29.9,0,10.8,53.8,46–60 min,57.3,52.4,Medium
EMP0581,Hamburg-Nord,53.609385,9.988241,16.42,7.4,2.1,31.4,0,7.6,48.4,46–60 min,68.9,66.1,Medium
EMP0582,Hamburg-Nord,53.594562,9.999675,9.29,1.7,11.4,41.6,3,7.6,74.3,>60 min,35.9,39.7,Low
EMP0583,Hamburg-Altona,53.614813,9.885174,30.58,1.8,6.1,28.9,1,11.9,52.6,46–60 min,61.0,60.4,Medium
EMP0584,Hamburg-Eimsbüttel,53.563065,9.990356,16.44,6.9,3.7,39.9,0,4.9,55.5,46–60 min,65.9,64.0,Medium
EMP0585,Norderstedt,53.643823,9.977164,14.96,7.6,9.2,8.0,0,10.0,34.8,31–45 min,77.7,74.5,High
EMP0586,Hamburg-Wandsbek,53.586196,9.988742,17.39,4.4,5.7,40.0,0,13.1,63.2,>60 min,53.7,49.8,Medium
EMP0587,Hamburg-Altona,53.508456,9.941875,26.06,4.7,4.2,40.8,0,8.1,57.9,46–60 min,62.9,60.5,Medium
EMP0588,Hamburg-Eimsbüttel,53.563607,9.946527,14.67,8.2,10.6,30.2,3,13.1,74.1,>60 min,24.1,24.4,Low
EMP0589,Hamburg-Altona,53.546205,9.93311,20.87,10.5,4.8,28.0,1,9.7,57.1,46–60 min,50.7,48.0,Medium
EMP0590,Hamburg-Altona,53.588394,9.964817,16.25,3.1,3.8,27.8,0,12.2,46.9,46–60 min,69.7,66.9,Medium
EMP0591,Norderstedt,53.727129,9.977104,2.84,6.6,8.3,19.7,1,10.3,48.9,46–60 min,60.9,59.5,Medium
EMP0592,Hamburg-Nord,53.590114,10.016213,17.36,8.1,4.9,30.2,0,10.3,53.5,46–60 min,61.1,57.3,Medium
EMP0593,Hamburg-Eimsbüttel,53.561733,9.978396,9.78,8.0,6.9,31.2,3,10.6,68.7,>60 min,31.4,32.6,Low
EMP0594,Hamburg-Wandsbek,53.59344,10.070633,32.88,7.9,7.0,47.8,2,6.5,77.3,>60 min,33.7,34.2,Low
EMP0595,Hamburg-Altona,53.55237,9.901568,13.04,10.2,6.9,29.4,0,11.0,57.5,46–60 min,54.9,50.1,Medium
EMP0596,Hamburg-Eimsbüttel,53.58572,9.978285,9.12,5.0,6.6,35.8,1,6.3,57.8,46–60 min,58.9,58.9,Medium
EMP0597,Hamburg-Wandsbek,53.580706,10.075831,40.61,7.8,6.1,41.0,0,7.4,62.2,>60 min,56.9,53.7,Medium
EMP0598,Hamburg-Wandsbek,53.628148,10.046544,14.32,10.2,10.1,45.8,3,12.9,91.0,>60 min,13.3,12.8,Low
EMP0599,Pinneberg,53.618207,9.768718,11.13,8.2,5.4,35.6,1,5.4,58.7,46–60 min,55.9,55.1,Medium
EMP0600,Hamburg-Wandsbek,53.658413,10.018336,27.94,8.3,5.8,33.5,2,10.9,66.6,>60 min,38.0,37.2,Low
EMP0601,Hamburg-Nord,53.662827,10.078453,15.3,7.0,6.7,18.4,1,11.8,47.8,46–60 min,60.0,58.0,Medium
EMP0602,Hamburg-Bergedorf,53.574758,10.220744,31.68,7.8,8.5,40.6,3,6.4,75.4,>60 min,30.1,32.5,Low
EMP0603,Norderstedt,53.649507,9.939108,2.0,4.7,6.0,23.9,1,11.0,49.7,46–60 min,61.5,60.3,Medium
EMP0604,Hamburg-Bergedorf,53.450512,10.266592,25.17,9.1,9.2,58.0,2,3.9,88.3,>60 min,28.9,29.6,Low
EMP0605,Ahrensburg,53.66051,10.2739,36.42,9.1,4.9,49.1,1,7.3,74.4,>60 min,39.8,37.9,Low
EMP0606,Hamburg-Bergedorf,53.549625,10.215946,36.45,7.4,3.3,53.9,0,10.4,75.0,>60 min,43.2,39.0,Low
EMP0607,Hamburg-Harburg,53.518611,9.966487,31.75,8.1,11.2,42.2,2,6.4,76.0,>60 min,34.7,35.2,Low
EMP0608,Hamburg-Altona,53.550273,9.923289,21.94,8.4,6.4,35.1,0,6.0,55.9,46–60 min,63.0,60.2,Medium
EMP0609,Hamburg-Bergedorf,53.432321,10.206214,38.91,5.3,9.1,38.6,0,10.2,63.3,>60 min,55.6,52.3,Medium
EMP0610,Hamburg-Nord,53.602403,10.05504,23.49,9.3,5.0,18.8,0,7.8,40.8,31–45 min,73.2,70.0,Medium
EMP0611,Hamburg-Nord,53.604563,10.045108,3.71,4.2,6.5,35.8,1,4.9,55.4,46–60 min,63.2,63.9,Medium
EMP0612,Hamburg-Wandsbek,53.549919,10.068983,22.44,6.7,8.3,29.0,1,7.3,55.2,46–60 min,58.5,57.8,Medium
EMP0613,Ahrensburg,53.674101,10.251022,23.43,3.2,8.8,54.9,0,5.0,71.8,>60 min,55.7,54.4,Medium
EMP0614,Pinneberg,53.642389,9.804928,16.43,1.0,10.5,39.6,2,8.6,67.7,>60 min,46.7,48.8,Medium
EMP0615,Hamburg-Eimsbüttel,53.59459,9.985487,22.56,7.4,6.8,34.7,0,12.6,61.5,>60 min,52.6,48.0,Medium
EMP0616,Hamburg-Bergedorf,53.541767,10.224714,40.33,9.8,5.1,57.9,0,8.5,81.3,>60 min,37.4,32.9,Low
EMP0617,Hamburg-Bergedorf,53.48424,10.201748,31.99,6.6,4.4,54.4,0,12.4,77.8,>60 min,39.7,35.1,Low
EMP0618,Hamburg-Eimsbüttel,53.593896,9.951949,14.34,8.4,8.4,29.0,1,8.8,58.6,46–60 min,52.4,50.6,Medium
EMP0619,Hamburg-Altona,53.559475,9.939912,24.27,4.3,7.9,35.2,0,10.0,57.4,46–60 min,61.8,59.0,Medium
EMP0620,Hamburg-Altona,53.545537,9.915148,18.51,5.0,5.4,27.0,1,2.8,44.2,31–45 min,73.9,75.2,High
EMP0621,Hamburg-Bergedorf,53.45808,10.260368,25.39,7.0,6.4,53.3,1,13.2,83.9,>60 min,27.9,24.6,Low
EMP0622,Hamburg-Nord,53.636039,10.033537,11.76,6.7,2.0,29.7,0,4.7,43.1,31–45 min,76.8,75.3,High
EMP0623,Pinneberg,53.651019,9.802692,23.84,14.7,6.8,51.6,1,11.8,88.9,>60 min,21.1,15.9,Low
EMP0624,Hamburg-Nord,53.566333,9.985582,2.0,6.1,6.2,24.8,1,9.2,50.3,46–60 min,61.5,60.4,Medium
EMP0625,Ahrensburg,53.680242,10.262484,27.65,5.4,8.6,45.8,1,9.2,73.0,>60 min,42.7,41.4,Medium
EMP0626,Hamburg-Nord,53.64458,10.067142,10.17,10.8,4.4,40.2,0,9.1,64.5,>60 min,50.2,45.6,Medium
EMP0627,Hamburg-Bergedorf,53.507746,10.248779,20.65,3.6,5.9,38.6,1,12.2,64.4,>60 min,48.8,47.2,Medium
EMP0628,Hamburg-Altona,53.519433,9.92725,20.03,11.2,6.1,33.7,2,6.7,65.6,>60 min,40.2,39.9,Low
EMP0629,Hamburg-Nord,53.605027,10.019777,9.28,7.6,4.5,30.5,0,6.0,48.7,46–60 min,69.9,67.5,Medium
EMP0630,Hamburg-Harburg,53.417726,9.958844,25.77,2.8,6.0,41.4,2,9.4,67.5,>60 min,44.3,45.7,Medium
EMP0631,Norderstedt,53.646005,9.944925,10.51,9.8,4.8,12.8,0,12.5,39.9,31–45 min,68.8,64.1,Medium
EMP0632,Hamburg-Harburg,53.444027,10.005337,27.15,9.5,5.8,41.4,0,2.2,58.9,46–60 min,63.2,61.2,Medium
EMP0633,Hamburg-Altona,53.588437,9.916682,24.72,8.9,8.4,34.3,0,6.1,57.7,46–60 min,61.0,58.0,Medium
EMP0634,Hamburg-Eimsbüttel,53.592996,9.916392,17.34,6.4,10.8,30.9,3,7.3,67.4,>60 min,37.4,40.1,Medium
EMP0635,Hamburg-Altona,53.553917,9.985512,19.63,7.6,4.3,39.0,1,7.8,62.7,>60 min,50.7,49.3,Medium
EMP0636,Hamburg-Altona,53.594567,9.946775,13.46,9.7,6.2,33.7,1,8.2,62.0,>60 min,48.7,46.6,Medium
EMP0637,Hamburg-Wandsbek,53.572468,10.064118,24.03,5.9,5.2,42.1,1,7.7,64.8,>60 min,50.8,49.9,Medium
EMP0638,Hamburg-Wandsbek,53.565155,10.043463,20.56,4.0,10.6,36.6,3,8.2,71.4,>60 min,35.5,38.6,Low
EMP0639,Hamburg-Bergedorf,53.468395,10.195704,34.92,6.2,3.2,41.7,1,8.1,63.2,>60 min,51.4,50.4,Medium
EMP0640,Hamburg-Harburg,53.514006,10.053323,17.14,4.7,8.6,56.0,1,9.3,82.6,>60 min,35.1,33.7,Low
EMP0641,Hamburg-Bergedorf,53.453118,10.218974,29.32,1.0,8.1,42.2,1,7.7,63.1,>60 min,57.1,57.7,Medium
EMP0642,Hamburg-Harburg,53.471443,10.033184,25.61,9.5,6.2,31.8,1,4.4,56.0,46–60 min,57.8,57.0,Medium
EMP0643,Hamburg-Altona,53.57658,9.90241,9.67,9.7,4.5,22.9,0,3.4,40.6,31–45 min,77.3,75.2,High
EMP0644,Hamburg-Eimsbüttel,53.547819,9.942767,13.01,12.5,7.7,30.0,1,13.5,67.7,>60 min,35.9,31.2,Low
EMP0645,Hamburg-Wandsbek,53.584965,10.062843,15.9,6.6,11.2,45.6,2,7.0,78.5,>60 min,33.5,34.2,Low
EMP0646,Hamburg-Harburg,53.431538,9.950253,29.11,7.0,4.2,57.0,0,10.4,78.6,>60 min,40.7,36.5,Low
EMP0647,Hamburg-Altona,53.534444,9.893094,26.73,4.6,9.5,36.0,1,6.7,60.8,>60 min,56.5,56.4,Medium
EMP0648,Hamburg-Nord,53.637544,10.016985,2.0,9.4,8.7,38.9,0,2.0,58.9,46–60 min,63.4,61.5,Medium
EMP0649,Hamburg-Wandsbek,53.557764,10.131808,30.84,7.0,6.8,42.8,3,3.9,72.4,>60 min,35.9,39.4,Low
EMP0650,Hamburg-Altona,53.547681,9.91105,24.18,9.6,5.8,31.5,1,9.0,59.9,46–60 min,49.9,47.7,Medium
EMP0651,Hamburg-Nord,53.656398,10.046514,22.41,9.8,2.6,33.9,0,7.8,54.1,46–60 min,61.3,57.6,Medium
EMP0652,Norderstedt,53.65504,9.997955,17.61,4.8,7.9,33.1,2,7.1,60.9,>60 min,50.2,51.8,Medium
EMP0653,Hamburg-Wandsbek,53.583895,10.039605,28.93,14.2,12.6,35.9,3,8.1,82.8,>60 min,15.7,15.5,Low
EMP0654,Hamburg-Eimsbüttel,53.565615,9.958892,20.47,12.6,6.8,23.2,2,6.9,57.4,46–60 min,45.6,45.0,Medium
EMP0655,Hamburg-Harburg,53.486516,9.976305,25.14,5.8,11.0,60.4,2,8.2,93.4,>60 min,28.0,28.4,Low
EMP0656,Hamburg-Eimsbüttel,53.576249,9.923133,13.23,9.8,10.2,28.4,3,10.0,70.4,>60 min,28.7,29.5,Low
EMP0657,Hamburg-Harburg,53.451137,9.949833,24.3,8.7,5.3,40.7,0,8.1,62.8,>60 min,54.6,51.0,Medium
EMP0658,Hamburg-Eimsbüttel,53.59801,9.921543,17.23,15.0,9.0,34.2,3,11.2,81.4,>60 min,12.9,11.6,Low
EMP0659,Hamburg-Wandsbek,53.647096,10.052336,21.38,9.2,7.8,40.8,0,8.0,65.8,>60 min,51.7,47.9,Medium
EMP0660,Hamburg-Eimsbüttel,53.498428,9.981811,2.0,10.2,4.4,29.4,0,7.8,51.8,46–60 min,62.8,59.1,Medium
EMP0661,Hamburg-Eimsbüttel,53.630988,9.961957,25.89,11.7,6.0,31.9,2,13.7,71.2,>60 min,28.0,25.3,Low
EMP0662,Norderstedt,53.717177,9.98239,2.0,6.0,9.8,34.4,3,4.1,66.2,>60 min,42.0,45.8,Medium
EMP0663,Hamburg-Altona,53.552031,9.938637,17.08,11.5,4.7,32.9,1,7.4,60.5,>60 min,49.1,46.7,Medium
EMP0664,Hamburg-Altona,53.548221,9.904085,20.97,2.9,4.6,40.4,0,7.3,55.1,46–60 min,67.9,66.4,Medium
EMP0665,Hamburg-Eimsbüttel,53.577307,9.91991,10.9,7.9,7.8,23.6,2,11.0,58.3,46–60 min,45.5,45.0,Medium
EMP0666,Hamburg-Wandsbek,53.555729,10.106584,24.8,4.9,3.5,29.5,0,3.6,41.5,31–45 min,81.1,80.5,High
EMP0667,Hamburg-Harburg,53.519145,9.931111,32.11,4.9,5.3,45.4,1,8.1,67.8,>60 min,48.7,48.0,Medium
EMP0668,Pinneberg,53.629435,9.794995,26.42,5.5,2.4,36.7,0,7.3,51.8,46–60 min,68.1,65.9,Medium
EMP0669,Hamburg-Eimsbüttel,53.580131,9.914964,11.46,11.1,4.5,24.2,0,7.9,47.8,46–60 min,65.3,61.3,Medium
EMP0670,Hamburg-Nord,53.604224,10.017271,8.71,10.4,5.0,31.5,1,8.3,59.4,46–60 min,50.2,47.9,Medium
EMP0671,Hamburg-Altona,53.610665,9.95778,27.2,5.5,5.3,29.5,0,2.0,42.3,31–45 min,81.0,80.5,High
EMP0672,Hamburg-Wandsbek,53.583553,10.068176,20.77,12.1,7.9,51.7,1,10.3,86.0,>60 min,25.1,21.1,Low
EMP0673,Pinneberg,53.67639,9.836445,16.68,9.9,8.4,38.5,0,5.8,62.6,>60 min,56.0,52.7,Medium
EMP0674,Hamburg-Wandsbek,53.544098,10.069898,30.55,8.9,6.9,28.1,1,12.3,60.2,>60 min,47.0,43.9,Medium
EMP0675,Hamburg-Wandsbek,53.546925,10.094123,14.67,12.3,8.6,42.5,3,2.4,77.8,>60 min,27.5,29.7,Low
EMP0676,Hamburg-Eimsbüttel,53.575855,9.967405,14.34,4.7,7.2,26.7,1,10.2,52.8,46–60 min,59.7,58.7,Medium
EMP0677,Norderstedt,53.667735,9.96702,2.0,9.2,5.9,13.6,0,7.1,35.9,31–45 min,78.1,75.3,High
EMP0678,Hamburg-Nord,53.60473,9.976361,10.0,7.4,2.0,35.7,0,5.7,50.7,46–60 min,68.7,66.4,Medium
EMP0679,Hamburg-Altona,53.566646,9.910787,28.87,6.2,3.7,30.9,0,6.8,47.5,46–60 min,71.6,69.4,Medium
EMP0680,Hamburg-Eimsbüttel,53.612289,9.982272,16.25,8.3,3.5,41.7,1,8.4,65.9,>60 min,46.7,44.9,Medium
EMP0681,Hamburg-Altona,53.539831,9.921212,20.47,8.6,8.4,38.1,0,7.2,62.2,>60 min,56.2,52.9,Medium
EMP0682,Hamburg-Altona,53.612548,9.922241,7.09,4.4,10.3,27.4,2,9.7,59.8,46–60 min,49.1,50.0,Medium
EMP0683,Hamburg-Altona,53.604826,9.95067,23.11,8.4,7.0,39.8,0,9.7,64.9,>60 min,51.5,47.5,Medium
EMP0684,Hamburg-Nord,53.589346,10.038772,18.37,13.9,8.1,15.6,2,10.7,56.2,46–60 min,41.5,39.4,Low
EMP0685,Hamburg-Wandsbek,53.572193,10.081708,27.77,7.2,9.9,41.5,3,12.7,83.4,>60 min,17.4,17.9,Low
EMP0686,Hamburg-Eimsbüttel,53.605686,9.975979,18.02,11.5,3.2,36.7,0,2.0,53.4,46–60 min,66.0,63.5,Medium
EMP0687,Hamburg-Nord,53.635136,10.018736,8.19,7.6,3.6,36.9,0,10.6,58.8,46–60 min,56.7,52.7,Medium
EMP0688,Ahrensburg,53.673872,10.230733,16.15,4.9,9.0,50.7,1,2.9,71.4,>60 min,50.6,51.3,Medium
EMP0689,Hamburg-Bergedorf,53.499646,10.237069,29.18,9.1,6.1,37.4,1,11.7,68.3,>60 min,40.4,37.3,Low
EMP0690,Hamburg-Nord,53.565175,10.016558,13.12,9.7,7.3,22.1,0,9.7,48.9,46–60 min,63.9,59.8,Medium
EMP0691,Hamburg-Eimsbüttel,53.533855,9.958787,17.0,8.6,6.2,29.1,0,4.6,48.5,46–60 min,70.6,68.4,Medium
EMP0692,Norderstedt,53.693699,9.980232,7.11,5.8,5.4,18.9,1,9.5,43.7,31–45 min,66.9,66.0,Medium
EMP0693,Hamburg-Eimsbüttel,53.5405,9.971067,18.53,6.7,13.1,52.1,1,6.9,82.8,>60 min,35.3,34.0,Low
EMP0694,Hamburg-Eimsbüttel,53.563889,9.965284,18.61,5.3,9.9,30.3,2,10.7,64.3,>60 min,43.3,43.5,Medium
EMP0695,Norderstedt,53.658719,9.982748,7.82,9.6,7.0,36.4,1,8.4,65.4,>60 min,45.7,43.5,Medium
EMP0696,Hamburg-Nord,53.568984,10.073722,13.0,8.7,7.8,32.7,1,6.8,59.9,46–60 min,53.0,51.7,Medium
EMP0697,Hamburg-Bergedorf,53.500554,10.221237,38.32,7.6,8.1,45.3,0,7.8,68.7,>60 min,51.2,47.8,Medium
EMP0698,Hamburg-Wandsbek,53.56333,10.104855,25.62,9.9,8.4,36.5,2,8.2,71.0,>60 min,35.5,35.0,Low
EMP0699,Hamburg-Wandsbek,53.628939,10.06003,17.81,5.3,4.6,33.8,1,6.3,53.9,46–60 min,62.0,62.0,Medium
EMP0700,Hamburg-Eimsbüttel,53.561891,9.929626,16.44,7.4,7.6,38.7,1,5.0,62.6,>60 min,53.8,53.3,Medium
EMP0701,Hamburg-Eimsbüttel,53.579441,9.939613,9.23,11.9,4.4,26.5,0,10.3,53.0,46–60 min,57.7,52.7,Medium
EMP0702,Hamburg-Eimsbüttel,53.589422,9.945427,15.61,5.1,9.3,19.5,2,3.6,45.5,46–60 min,66.6,69.5,Medium
EMP0703,Hamburg-Altona,53.583876,9.901321,17.97,5.6,8.3,23.9,1,8.3,50.2,46–60 min,62.8,62.1,Medium
EMP0704,Norderstedt,53.682758,10.012469,18.03,4.0,5.1,31.4,0,9.1,49.6,46–60 min,69.7,67.5,Medium
EMP0705,Hamburg-Eimsbüttel,53.597661,9.937467,18.56,5.2,3.9,13.3,1,9.3,35.6,31–45 min,74.8,74.3,High
EMP0706,Hamburg-Nord,53.660231,9.998418,10.16,5.1,5.2,22.3,0,6.6,39.1,31–45 min,80.0,78.5,High
EMP0707,Hamburg-Bergedorf,53.466102,10.246558,32.53,12.2,9.1,48.6,2,4.9,82.7,>60 min,26.5,26.0,Low
EMP0708,Hamburg-Bergedorf,53.476136,10.199094,42.97,13.6,8.3,52.5,3,9.4,95.9,>60 min,13.5,13.0,Low
EMP0709,Hamburg-Nord,53.598106,10.066196,15.26,11.5,3.4,26.4,1,5.2,50.4,46–60 min,60.0,58.5,Medium
EMP0710,Hamburg-Nord,53.618109,10.013252,6.86,6.2,7.3,44.2,1,11.2,72.8,>60 min,40.1,38.0,Low
EMP0711,Pinneberg,53.663881,9.789029,17.29,7.3,5.4,40.6,1,8.1,65.4,>60 min,48.4,47.0,Medium
EMP0712,Hamburg-Wandsbek,53.568087,10.079448,23.06,9.0,8.0,32.2,2,2.6,59.7,46–60 min,51.6,53.3,Medium
EMP0713,Hamburg-Harburg,53.47519,9.966414,36.33,4.4,12.1,37.5,3,7.5,73.5,>60 min,34.1,37.2,Low
EMP0714,Norderstedt,53.732417,9.959426,15.02,2.9,7.7,22.5,2,11.4,52.5,46–60 min,54.9,56.0,Medium
EMP0715,Hamburg-Bergedorf,53.530037,10.212782,18.86,6.5,9.1,38.2,2,4.9,66.7,>60 min,45.7,47.3,Medium
EMP0716,Hamburg-Altona,53.520972,9.939425,21.2,9.6,6.6,45.0,1,9.9,75.0,>60 min,36.1,33.3,Low
EMP0717,Hamburg-Nord,53.647064,10.018773,9.22,6.9,4.2,35.4,0,4.0,50.4,46–60 min,71.2,69.6,Medium
EMP0718,Hamburg-Altona,53.570187,9.893593,24.12,8.2,6.3,37.7,0,6.7,58.9,46–60 min,59.9,56.9,Medium
EMP0719,Hamburg-Wandsbek,53.576022,10.07757,13.92,5.4,2.0,32.2,0,7.4,46.9,46–60 min,72.3,70.2,High
EMP0720,Ahrensburg,53.644109,10.232297,23.46,5.6,6.7,40.5,3,8.2,73.1,>60 min,32.4,34.9,Low
EMP0721,Hamburg-Nord,53.637228,9.997075,15.43,5.8,2.0,19.3,0,9.1,36.2,31–45 min,79.3,76.9,High
EMP0722,Hamburg-Nord,53.55327,10.002523,10.36,8.1,12.1,42.4,1,8.6,75.1,>60 min,38.9,36.9,Low
EMP0723,Hamburg-Altona,53.512353,9.928157,9.5,1.0,8.3,40.5,1,8.7,62.5,>60 min,56.5,56.8,Medium
EMP0724,Ahrensburg,53.680167,10.198842,25.2,5.7,7.6,33.9,1,7.1,58.3,46–60 min,56.9,56.4,Medium
EMP0725,Hamburg-Altona,53.574584,9.905581,28.67,9.5,9.2,32.7,1,7.0,62.4,>60 min,49.9,48.2,Medium
EMP0726,Hamburg-Altona,53.539275,9.950747,14.83,1.4,7.3,34.9,0,11.2,54.9,46–60 min,65.6,63.3,Medium
EMP0727,Hamburg-Eimsbüttel,53.547356,9.969083,2.0,4.7,8.0,40.7,2,7.7,69.1,>60 min,42.8,44.1,Medium
EMP0728,Hamburg-Altona,53.550427,9.945527,16.14,3.3,3.8,36.7,0,7.0,50.9,46–60 min,71.3,69.8,Medium
EMP0729,Hamburg-Nord,53.635191,10.024469,9.6,7.5,7.4,23.6,1,11.1,53.7,46–60 min,55.1,53.0,Medium
EMP0730,Hamburg-Nord,53.579311,10.025426,15.81,10.4,8.9,33.0,1,8.6,64.9,>60 min,45.3,42.8,Medium
EMP0731,Hamburg-Eimsbüttel,53.599059,9.944744,18.79,1.0,10.2,39.7,3,6.3,69.1,>60 min,41.6,46.0,Medium
EMP0732,Hamburg-Altona,53.536595,9.881283,21.32,7.5,9.0,32.4,3,4.0,64.8,>60 min,41.8,45.2,Medium
EMP0733,Hamburg-Altona,53.530206,9.879861,21.38,10.8,3.8,29.6,0,2.0,46.2,46–60 min,72.9,70.8,High
EMP0734,Hamburg-Eimsbüttel,53.578957,9.974011,17.81,5.6,2.6,25.8,0,5.8,39.7,31–45 min,79.8,78.4,High
EMP0735,Hamburg-Altona,53.563326,9.947935,4.17,7.6,2.0,32.6,0,10.4,52.6,46–60 min,62.2,58.5,Medium
EMP0736,Hamburg-Wandsbek,53.645156,10.068904,25.57,9.4,5.8,49.9,0,6.4,71.6,>60 min,48.1,44.6,Medium
EMP0737,Hamburg-Altona,53.561751,9.89593,38.7,6.0,5.9,46.4,0,3.5,61.9,>60 min,62.8,61.3,Medium
EMP0738,Hamburg-Eimsbüttel,53.582471,9.944363,25.56,7.4,3.7,28.8,1,5.1,49.0,46–60 min,65.3,65.1,Medium
EMP0739,Hamburg-Eimsbüttel,53.579068,9.94449,20.52,10.3,7.8,34.2,1,9.4,65.7,>60 min,43.8,41.1,Medium
EMP0740,Hamburg-Nord,53.599384,10.005233,7.15,12.6,3.8,33.1,0,6.6,56.1,46–60 min,58.1,53.9,Medium
EMP0741,Hamburg-Altona,53.571239,9.918255,4.4,3.6,6.1,36.1,0,6.0,51.9,46–60 min,71.1,69.9,Medium
EMP0742,Hamburg-Altona,53.584566,9.963197,19.88,9.4,9.2,32.5,1,8.0,63.0,>60 min,48.6,46.6,Medium
EMP0743,Hamburg-Harburg,53.426291,10.014383,39.86,10.0,5.6,53.9,2,2.6,80.2,>60 min,33.0,33.9,Low
EMP0744,Hamburg-Altona,53.540137,9.962759,13.5,8.4,5.0,33.6,0,6.7,53.7,46–60 min,64.2,61.3,Medium
EMP0745,Hamburg-Nord,53.57503,10.075434,11.0,8.8,8.0,36.8,1,3.6,61.1,>60 min,55.1,54.7,Medium
EMP0746,Hamburg-Nord,53.58964,10.059803,2.73,7.9,4.0,26.8,0,7.8,46.4,46–60 min,69.8,66.9,Medium
EMP0747,Hamburg-Eimsbüttel,53.554203,9.950113,17.98,10.5,6.2,43.0,1,7.2,70.9,>60 min,41.4,39.1,Low
EMP0748,Hamburg-Nord,53.638802,10.018694,9.11,8.9,7.2,28.5,2,2.9,55.6,46–60 min,54.8,56.5,Medium
EMP0749,Hamburg-Bergedorf,53.438373,10.196171,35.16,13.4,4.3,44.7,0,10.0,72.4,>60 min,40.0,34.1,Low
EMP0750,Hamburg-Harburg,53.409118,9.979409,9.99,9.4,2.7,27.4,1,11.7,55.2,46–60 min,51.5,48.6,Medium
EMP0751,Hamburg-Eimsbüttel,53.580769,9.930271,16.2,7.8,4.2,27.6,0,9.9,49.5,46–60 min,65.2,61.6,Medium
EMP0752,Hamburg-Eimsbüttel,53.598153,10.003569,11.83,10.7,6.2,25.0,1,6.1,52.1,46–60 min,58.3,56.7,Medium
EMP0753,Hamburg-Eimsbüttel,53.569876,9.934345,8.3,8.6,5.1,40.3,0,11.7,65.7,>60 min,48.7,44.0,Medium
EMP0754,Hamburg-Nord,53.587616,9.974418,2.0,6.8,4.8,27.7,0,5.8,45.0,46–60 min,74.1,72.2,High
EMP0755,Hamburg-Wandsbek,53.610968,10.108631,15.17,8.7,5.6,40.1,1,9.5,67.9,>60 min,43.5,41.1,Medium
EMP0756,Hamburg-Eimsbüttel,53.567452,9.952277,2.0,10.8,7.6,41.4,2,6.2,74.0,>60 min,33.9,33.7,Low
EMP0757,Hamburg-Eimsbüttel,53.611951,9.93248,22.19,6.8,5.4,22.7,1,13.3,52.1,46–60 min,55.1,52.6,Medium
EMP0758,Norderstedt,53.694266,9.998733,2.0,3.8,3.7,32.5,1,4.5,48.5,46–60 min,69.8,70.9,High
EMP0759,Hamburg-Altona,53.54322,9.931139,13.49,1.8,7.8,46.9,1,7.0,67.6,>60 min,53.1,53.6,Medium
EMP0760,Hamburg-Nord,53.609231,10.036855,9.38,5.1,7.2,42.1,0,5.1,59.4,46–60 min,64.1,62.6,Medium
EMP0761,Hamburg-Wandsbek,53.614899,10.10178,20.64,6.2,2.0,21.6,0,9.7,39.5,31–45 min,75.4,72.6,High
EMP0762,Hamburg-Altona,53.491042,9.934603,21.12,4.1,7.6,28.5,0,4.5,44.7,31–45 min,78.4,77.6,High
EMP0763,Hamburg-Altona,53.53465,9.949374,14.28,8.9,8.3,38.2,2,7.2,70.6,>60 min,37.8,37.9,Low
EMP0764,Hamburg-Altona,53.535786,9.927751,27.38,12.3,6.4,38.4,1,7.9,69.0,>60 min,40.6,37.7,Low
EMP0765,Norderstedt,53.698667,9.99169,6.61,9.2,2.8,13.1,0,7.7,32.9,31–45 min,80.1,77.2,High
EMP0766,Hamburg-Altona,53.538337,9.888505,17.87,7.4,8.8,32.1,3,7.4,67.8,>60 min,35.9,38.2,Low
EMP0767,Hamburg-Altona,53.525918,9.951869,28.66,7.5,7.7,43.4,3,6.8,77.4,>60 min,28.3,30.6,Low
EMP0768,Hamburg-Altona,53.563761,9.93843,12.44,10.9,6.7,23.0,0,7.6,48.2,46–60 min,65.5,61.7,Medium
EMP0769,Hamburg-Altona,53.571463,9.903912,3.5,9.1,5.2,26.5,1,9.4,54.3,46–60 min,54.7,52.6,Medium
EMP0770,Hamburg-Wandsbek,53.547826,10.079712,31.52,9.4,5.3,38.1,0,12.2,65.0,>60 min,48.0,42.9,Medium
EMP0771,Hamburg-Eimsbüttel,53.588815,9.979792,17.69,10.0,10.7,41.2,1,7.4,73.4,>60 min,39.5,37.3,Low
EMP0772,Hamburg-Nord,53.604283,9.997409,2.0,4.4,6.5,40.1,1,4.1,59.1,46–60 min,60.7,61.5,Medium
EMP0773,Hamburg-Wandsbek,53.659137,10.02076,29.47,10.8,9.3,42.6,2,11.0,81.6,>60 min,22.7,20.9,Low
EMP0774,Hamburg-Harburg,53.418142,9.978543,25.84,6.8,7.5,46.4,3,5.8,78.4,>60 min,29.1,31.9,Low
EMP0775,Hamburg-Altona,53.551789,9.956367,16.62,7.5,8.0,41.0,2,5.6,70.1,>60 min,41.2,42.2,Medium
EMP0776,Hamburg-Harburg,53.420378,9.935715,37.13,6.8,8.1,38.5,2,9.6,70.9,>60 min,37.3,37.3,Low
EMP0777,Hamburg-Wandsbek,53.564097,10.137763,19.68,6.2,5.5,26.9,1,3.8,46.5,46–60 min,69.9,70.6,High
EMP0778,Hamburg-Altona,53.57738,9.967466,16.84,5.8,9.1,40.4,0,4.0,59.3,46–60 min,64.7,63.2,Medium
EMP0779,Hamburg-Bergedorf,53.396225,10.245839,23.23,6.4,2.2,53.9,0,5.8,68.3,>60 min,54.6,52.2,Medium
EMP0780,Hamburg-Harburg,53.523088,9.979399,31.5,7.2,8.2,31.5,2,7.5,62.4,>60 min,46.1,46.8,Medium
EMP0781,Hamburg-Eimsbüttel,53.526143,9.993401,11.32,11.3,6.5,18.6,1,5.5,46.0,46–60 min,63.5,62.1,Medium
EMP0782,Norderstedt,53.698621,9.99983,3.75,4.4,5.0,29.2,1,3.1,45.7,46–60 min,72.6,73.8,High
EMP0783,Hamburg-Nord,53.627975,10.021265,3.33,10.3,6.2,34.2,1,7.7,62.5,>60 min,48.2,46.1,Medium
EMP0784,Hamburg-Wandsbek,53.526652,10.075114,19.63,6.8,7.1,26.6,1,11.8,56.3,46–60 min,53.0,50.8,Medium
EMP0785,Pinneberg,53.660439,9.81563,12.4,9.0,12.4,38.4,3,10.0,81.8,>60 min,19.8,20.6,Low
EMP0786,Hamburg-Eimsbüttel,53.55971,9.969102,26.38,5.5,9.2,32.6,3,12.8,72.2,>60 min,28.7,30.0,Low
EMP0787,Hamburg-Harburg,53.452943,9.9773,27.56,9.5,8.3,46.7,2,4.8,77.3,>60 min,33.9,34.4,Low
EMP0788,Hamburg-Eimsbüttel,53.562356,10.001012,12.49,6.9,3.7,26.8,1,8.4,49.8,46–60 min,61.7,60.7,Medium
EMP0789,Hamburg-Bergedorf,53.491791,10.159756,27.29,4.0,10.4,50.0,2,9.3,81.7,>60 min,31.1,31.7,Low
EMP0790,Hamburg-Wandsbek,53.542072,10.050263,22.89,8.3,3.1,36.5,1,5.6,57.5,46–60 min,56.6,55.8,Medium
EMP0791,Hamburg-Altona,53.508035,9.957383,28.99,11.5,3.5,43.2,0,9.8,67.9,>60 min,46.0,40.9,Medium
EMP0792,Hamburg-Nord,53.613959,10.035806,13.29,6.5,6.8,34.9,0,5.2,53.5,46–60 min,67.7,65.8,Medium
EMP0793,Hamburg-Eimsbüttel,53.540404,9.956918,15.21,8.9,2.0,33.6,0,9.6,54.2,46–60 min,60.3,56.4,Medium
EMP0794,Hamburg-Altona,53.46509,9.905696,22.19,12.9,5.5,35.0,1,6.6,64.0,>60 min,45.5,42.9,Medium
EMP0795,Hamburg-Altona,53.54253,9.938474,23.33,11.3,5.4,37.0,0,11.0,64.7,>60 min,47.6,42.2,Medium
EMP0796,Hamburg-Eimsbüttel,53.606924,9.963598,10.28,6.1,4.2,44.2,0,11.8,66.2,>60 min,50.7,46.6,Medium
EMP0797,Hamburg-Altona,53.510539,9.94092,24.25,9.0,11.3,37.4,2,6.1,71.8,>60 min,37.8,38.2,Low
EMP0798,Hamburg-Altona,53.530014,9.905307,34.88,14.4,6.2,33.5,0,5.4,59.6,46–60 min,54.4,50.0,Medium
EMP0799,Hamburg-Bergedorf,53.470915,10.267525,32.74,11.7,7.7,46.4,1,4.4,74.2,>60 min,40.2,38.3,Low
EMP0800,Hamburg-Wandsbek,53.584437,10.142231,18.79,20.0,6.1,38.8,1,10.1,78.9,>60 min,24.3,18.7,Low
EMP0801,Hamburg-Bergedorf,53.400093,10.196141,36.15,11.7,9.4,38.3,2,7.5,75.0,>60 min,30.8,29.9,Low
EMP0802,Hamburg-Eimsbüttel,53.547212,9.916192,19.25,7.7,5.6,27.9,1,10.2,55.3,46–60 min,54.5,52.6,Medium
EMP0803,Norderstedt,53.651926,10.016287,15.16,8.3,3.4,29.4,0,8.8,49.8,46–60 min,65.6,62.2,Medium
EMP0804,Hamburg-Wandsbek,53.551341,10.102566,14.23,12.0,4.6,32.5,0,10.6,59.6,46–60 min,51.7,46.4,Medium
EMP0805,Hamburg-Altona,53.583757,9.949312,23.41,9.9,8.0,39.4,0,4.9,62.2,>60 min,57.2,54.2,Medium
EMP0806,Hamburg-Altona,53.563768,9.929692,23.81,10.9,7.4,33.0,1,4.1,59.5,46–60 min,53.8,52.6,Medium
EMP0807,Hamburg-Wandsbek,53.564894,10.135461,20.81,5.8,8.1,40.8,2,11.3,74.0,>60 min,33.9,33.6,Low
EMP0808,Hamburg-Altona,53.511138,9.922653,13.2,4.5,4.9,51.5,0,10.1,71.1,>60 min,49.8,46.6,Medium
EMP0809,Hamburg-Nord,53.60521,10.014135,7.91,5.9,4.0,27.4,1,5.8,47.2,46–60 min,67.5,67.6,Medium
EMP0810,Pinneberg,53.708951,9.773253,10.72,13.5,6.2,27.1,1,8.7,59.5,46–60 min,46.6,43.2,Medium
EMP0811,Hamburg-Altona,53.58518,9.916067,16.65,10.0,6.1,38.8,0,8.6,63.5,>60 min,52.3,48.1,Medium
EMP0812,Hamburg-Altona,53.527417,9.973391,22.98,8.5,3.1,25.7,1,4.1,45.4,46–60 min,68.2,68.1,Medium
EMP0813,Pinneberg,53.639876,9.767771,21.55,6.9,7.7,40.6,2,4.6,67.9,>60 min,44.6,46.1,Medium
EMP0814,Hamburg-Wandsbek,53.56333,10.048369,14.48,9.2,6.1,29.2,0,4.7,49.2,46–60 min,69.2,66.7,Medium
EMP0815,Hamburg-Altona,53.555146,9.948567,15.96,13.3,2.3,30.6,0,10.7,57.0,46–60 min,52.4,46.8,Medium
EMP0816,Norderstedt,53.70027,9.989959,8.39,5.7,5.6,22.6,1,8.7,46.7,46–60 min,65.3,64.6,Medium
EMP0817,Norderstedt,53.661579,10.017724,8.35,2.5,5.7,25.2,1,5.0,42.3,31–45 min,75.5,76.8,High
EMP0818,Hamburg-Nord,53.614661,10.037212,10.79,8.6,7.6,28.7,0,6.0,50.8,46–60 min,67.2,64.5,Medium
EMP0819,Hamburg-Wandsbek,53.594071,10.126807,22.21,5.8,8.3,40.2,2,8.6,70.8,>60 min,39.3,39.9,Low
EMP0820,Hamburg-Eimsbüttel,53.590353,9.978273,32.52,4.5,5.9,37.3,0,7.0,54.7,46–60 min,67.0,65.2,Medium
EMP0821,Hamburg-Altona,53.54557,9.923786,22.42,7.1,5.8,31.5,0,5.0,49.4,46–60 min,70.8,68.9,Medium
EMP0822,Hamburg-Wandsbek,53.578281,10.134803,24.81,7.5,5.2,44.7,1,10.2,71.6,>60 min,40.9,38.7,Low
EMP0823,Hamburg-Eimsbüttel,53.564007,9.9778,12.92,6.7,6.0,36.9,1,8.5,62.1,>60 min,51.3,50.0,Medium
EMP0824,Hamburg-Wandsbek,53.606983,10.062248,13.52,6.2,6.0,40.5,0,9.7,62.5,>60 min,55.9,52.5,Medium
EMP0825,Hamburg-Harburg,53.381975,10.040462,30.88,8.0,8.9,46.0,2,4.1,75.0,>60 min,37.9,39.1,Low
EMP0826,Hamburg-Altona,53.559141,9.91175,18.69,9.6,9.0,32.9,3,10.1,73.6,>60 min,26.2,27.0,Low
EMP0827,Hamburg-Wandsbek,53.582041,10.120829,29.65,10.6,8.3,56.0,0,4.4,79.3,>60 min,42.5,39.0,Low
EMP0828,Hamburg-Eimsbüttel,53.529471,9.973627,12.48,7.7,4.0,44.0,1,3.3,63.1,>60 min,54.7,54.6,Medium
EMP0829,Norderstedt,53.671067,9.925309,2.0,1.2,9.7,15.3,2,8.9,43.0,31–45 min,67.4,69.9,Medium
EMP0830,Hamburg-Eimsbüttel,53.56214,9.955941,21.24,1.4,5.9,48.7,1,13.4,73.4,>60 min,42.1,40.7,Medium
EMP0831,Hamburg-Wandsbek,53.633439,10.074113,22.76,8.0,7.1,33.8,2,6.3,63.1,>60 min,46.0,46.8,Medium
EMP0832,Hamburg-Nord,53.607114,10.063701,2.0,10.8,8.8,26.2,0,2.6,48.5,46–60 min,70.3,68.1,Medium
EMP0833,Hamburg-Eimsbüttel,53.608194,9.941,18.69,5.6,8.1,34.7,0,7.4,55.8,46–60 min,64.5,62.1,Medium
EMP0834,Hamburg-Wandsbek,53.54497,10.106968,24.99,5.8,5.2,28.7,1,7.3,51.0,46–60 min,63.0,62.6,Medium
EMP0835,Hamburg-Bergedorf,53.488848,10.166781,34.46,6.6,5.4,44.9,0,11.5,68.3,>60 min,48.8,44.7,Medium
EMP0836,Hamburg-Nord,53.600903,10.048093,15.93,11.0,4.7,36.3,1,7.7,63.7,>60 min,46.4,44.0,Medium
EMP0837,Hamburg-Bergedorf,53.483102,10.243591,37.16,7.5,7.0,51.4,1,11.1,80.9,>60 min,32.1,29.3,Low
EMP0838,Pinneberg,53.660676,9.807735,13.79,8.1,6.9,53.8,1,8.4,81.2,>60 min,33.8,31.7,Low
EMP0839,Hamburg-Nord,53.650092,10.063898,6.08,10.6,4.8,21.1,0,10.2,46.7,46–60 min,64.4,59.9,Medium
EMP0840,Hamburg-Nord,53.64197,10.004714,24.06,8.8,3.8,36.1,1,10.1,62.9,>60 min,47.0,44.6,Medium
EMP0841,Hamburg-Altona,53.518517,9.946575,16.6,4.9,6.5,31.8,0,9.5,52.7,46–60 min,65.7,63.0,Medium
EMP0842,Hamburg-Bergedorf,53.444111,10.225552,25.27,6.4,7.7,37.3,1,8.4,63.8,>60 min,50.3,49.1,Medium
EMP0843,Hamburg-Nord,53.671319,9.981378,13.22,9.7,4.7,25.9,2,9.2,57.5,46–60 min,46.1,45.7,Medium
EMP0844,Hamburg-Nord,53.648318,10.01647,12.51,8.1,7.3,30.8,0,7.3,53.5,46–60 min,64.1,61.1,Medium
EMP0845,Hamburg-Altona,53.572602,9.922609,22.75,6.9,9.1,19.5,0,6.0,41.5,31–45 min,76.7,74.7,High
EMP0846,Norderstedt,53.671162,9.948796,8.26,5.3,6.6,38.1,1,11.0,64.9,>60 min,48.0,46.4,Medium
EMP0847,Hamburg-Eimsbüttel,53.565746,9.941976,8.96,4.6,5.9,29.7,1,8.1,52.3,46–60 min,62.2,61.9,Medium
EMP0848,Hamburg-Wandsbek,53.552873,10.079744,18.77,6.2,8.8,22.8,2,10.8,56.5,46–60 min,48.9,49.1,Medium
EMP0849,Hamburg-Altona,53.568685,9.954389,18.83,6.7,10.0,31.4,0,12.7,60.7,>60 min,54.0,49.6,Medium
EMP0850,Ahrensburg,53.725716,10.265267,25.95,10.2,3.8,45.6,0,8.9,68.5,>60 min,47.6,43.2,Medium
EMP0851,Hamburg-Altona,53.537492,10.000441,15.37,8.9,9.5,27.0,1,10.6,60.0,>60 min,48.9,46.4,Medium
EMP0852,Hamburg-Altona,53.592733,9.90395,25.66,8.3,4.4,35.7,0,13.5,61.8,>60 min,50.6,45.5,Medium
EMP0853,Hamburg-Harburg,53.428136,9.983725,20.75,6.9,9.9,44.0,3,10.7,83.6,>60 min,19.6,20.8,Low
EMP0854,Norderstedt,53.664711,9.938426,2.0,6.1,5.9,16.3,0,5.1,33.4,31–45 min,85.4,84.1,High
EMP0855,Hamburg-Altona,53.522331,9.899206,21.79,9.3,2.9,34.3,1,2.6,53.0,46–60 min,62.5,62.5,Medium
EMP0856,Hamburg-Nord,53.585283,10.02235,7.48,7.7,2.0,34.8,1,11.7,60.2,>60 min,48.9,46.4,Medium
EMP0857,Hamburg-Bergedorf,53.475048,10.239061,30.9,7.4,6.1,46.6,0,7.6,67.6,>60 min,52.4,49.2,Medium
EMP0858,Norderstedt,53.677416,9.972479,20.13,8.5,7.6,21.5,3,6.3,55.9,46–60 min,46.1,48.7,Medium
EMP0859,Hamburg-Eimsbüttel,53.595406,9.922461,14.87,6.9,12.1,29.4,3,8.3,68.7,>60 min,34.8,37.1,Low
EMP0860,Hamburg-Nord,53.654895,9.997538,13.09,10.3,7.8,20.5,0,6.3,44.9,31–45 min,70.2,67.0,Medium
EMP0861,Hamburg-Bergedorf,53.459129,10.255811,31.5,11.1,6.3,49.8,0,6.0,73.3,>60 min,45.4,41.4,Medium
EMP0862,Hamburg-Bergedorf,53.469026,10.21559,33.34,13.2,6.2,33.3,1,6.2,63.0,>60 min,46.4,43.8,Medium
EMP0863,Hamburg-Bergedorf,53.44547,10.170319,30.84,7.7,2.6,48.2,0,12.4,71.0,>60 min,44.4,39.6,Low
EMP0864,Hamburg-Nord,53.628142,9.941826,15.61,9.9,5.4,27.1,0,10.1,52.4,46–60 min,60.4,56.1,Medium
EMP0865,Hamburg-Altona,53.58581,9.931443,29.05,7.3,5.4,30.7,2,9.6,61.0,>60 min,45.3,45.4,Medium
EMP0866,Norderstedt,53.689343,10.04201,15.38,5.4,9.4,19.4,2,2.0,44.2,31–45 min,68.4,71.5,High
EMP0867,Hamburg-Harburg,53.450169,9.966556,26.21,8.7,4.6,40.5,1,4.1,61.9,>60 min,54.0,53.5,Medium
EMP0868,Hamburg-Bergedorf,53.485322,10.267083,22.72,10.4,5.2,57.3,2,9.9,90.9,>60 min,21.6,20.1,Low
EMP0869,Hamburg-Altona,53.534848,9.970324,11.93,6.2,5.4,32.3,1,6.6,54.5,46–60 min,60.4,60.0,Medium
EMP0870,Hamburg-Altona,53.507044,10.003685,20.34,8.3,9.3,43.9,1,5.8,71.2,>60 min,44.8,43.6,Medium
EMP0871,Hamburg-Bergedorf,53.508322,10.224197,22.88,9.2,8.6,55.6,2,7.0,88.5,>60 min,25.8,25.6,Low
EMP0872,Hamburg-Altona,53.568606,9.947966,16.66,8.8,9.5,32.0,1,7.6,61.9,>60 min,50.4,48.8,Medium
EMP0873,Ahrensburg,53.674251,10.180244,26.21,8.0,9.3,33.6,1,3.4,58.3,46–60 min,58.4,58.3,Medium
EMP0874,Hamburg-Eimsbüttel,53.605367,9.941351,16.33,2.5,5.5,47.8,1,8.0,67.8,>60 min,51.2,51.2,Medium
EMP0875,Hamburg-Wandsbek,53.600218,10.084607,23.64,5.9,9.3,38.4,1,12.3,69.9,>60 min,41.8,39.4,Low
EMP0876,Norderstedt,53.646832,10.000449,2.0,4.5,3.5,18.5,1,8.0,38.4,31–45 min,74.3,74.4,High
EMP0877,Hamburg-Eimsbüttel,53.566909,9.960628,2.0,4.5,6.8,33.1,1,8.9,57.4,46–60 min,57.2,56.6,Medium
EMP0878,Hamburg-Eimsbüttel,53.579152,9.984516,18.1,12.9,10.0,21.1,2,13.1,65.1,>60 min,32.6,29.8,Low
EMP0879,Hamburg-Wandsbek,53.578328,10.067706,26.9,11.6,6.5,41.7,0,11.5,71.3,>60 min,41.2,35.4,Low
EMP0880,Hamburg-Wandsbek,53.650923,10.094773,18.87,11.4,7.5,32.0,1,13.0,67.9,>60 min,37.3,33.1,Low
EMP0881,Hamburg-Nord,53.6226,10.011688,16.49,9.6,5.0,26.4,2,13.3,62.3,>60 min,38.1,36.3,Low
EMP0882,Hamburg-Wandsbek,53.580884,10.039281,11.96,7.7,9.4,28.9,2,10.3,64.3,>60 min,41.3,41.0,Medium
EMP0883,Norderstedt,53.703145,9.935213,2.0,10.3,4.2,8.8,0,4.5,27.8,≤30 min,86.5,84.3,High
EMP0884,Hamburg-Nord,53.623888,9.984315,19.4,4.9,12.4,36.4,3,6.3,72.0,>60 min,36.0,39.4,Low
EMP0885,Hamburg-Altona,53.516547,9.980839,17.41,6.4,6.9,22.7,0,13.8,49.8,46–60 min,62.4,58.0,Medium
EMP0886,Hamburg-Eimsbüttel,53.561977,9.937176,21.36,9.4,9.3,22.8,1,6.9,52.4,46–60 min,58.7,57.3,Medium
EMP0887,Hamburg-Eimsbüttel,53.581544,9.91626,9.8,12.3,4.8,17.0,0,12.4,46.5,46–60 min,60.7,55.1,Medium
EMP0888,Hamburg-Altona,53.566798,9.988837,29.44,6.6,4.5,30.0,1,5.6,50.7,46–60 min,64.1,64.0,Medium
EMP0889,Hamburg-Altona,53.514868,9.956339,24.32,7.5,4.6,48.1,0,6.4,66.6,>60 min,54.4,51.6,Medium
EMP0890,Hamburg-Wandsbek,53.604779,10.136875,13.44,9.8,6.4,45.1,3,11.8,85.1,>60 min,14.9,14.9,Low
EMP0891,Hamburg-Eimsbüttel,53.571026,9.964254,22.37,8.6,10.5,16.0,3,11.0,58.1,46–60 min,39.4,40.6,Medium
EMP0892,Ahrensburg,53.692259,10.234965,16.99,9.6,8.6,35.2,2,7.4,68.8,>60 min,38.4,38.3,Low
EMP0893,Hamburg-Eimsbüttel,53.615344,9.976357,14.03,6.6,4.5,26.5,1,7.1,48.7,46–60 min,64.4,63.9,Medium
EMP0894,Hamburg-Altona,53.585673,9.982738,19.57,3.1,2.0,44.8,0,12.1,61.9,>60 min,57.1,54.0,Medium
EMP0895,Hamburg-Bergedorf,53.530441,10.258398,36.91,5.4,4.2,30.2,0,13.3,53.0,46–60 min,61.2,57.3,Medium
EMP0896,Norderstedt,53.685498,9.95287,13.23,1.9,5.3,26.1,1,10.6,47.9,46–60 min,66.2,66.0,Medium
EMP0897,Hamburg-Eimsbüttel,53.583987,9.921759,14.23,7.4,7.3,31.3,2,9.1,63.1,>60 min,43.8,43.9,Medium
EMP0898,Hamburg-Altona,53.491659,9.91709,21.24,9.0,8.1,33.4,2,4.0,62.5,>60 min,47.8,49.0,Medium
EMP0899,Hamburg-Altona,53.532343,9.867738,27.7,9.4,5.7,16.8,0,8.6,40.5,31–45 min,72.6,69.1,Medium
EMP0900,Hamburg-Nord,53.610216,10.04689,20.55,5.0,4.1,35.9,0,4.7,49.7,46–60 min,72.9,71.7,High
EMP0901,Hamburg-Nord,53.613023,9.985622,5.29,3.1,5.2,41.5,0,3.2,53.0,46–60 min,71.9,71.1,High
EMP0902,Hamburg-Eimsbüttel,53.613872,9.92427,5.89,11.6,2.0,35.9,0,16.2,65.6,>60 min,41.4,34.4,Low
EMP0903,Hamburg-Altona,53.564356,9.940559,16.56,6.9,6.7,45.9,2,10.0,77.5,>60 min,31.2,30.9,Low
EMP0904,Hamburg-Nord,53.68222,10.062839,12.3,14.4,10.9,39.2,3,9.3,85.8,>60 min,12.8,12.1,Low
EMP0905,Ahrensburg,53.689035,10.265831,20.61,11.5,4.5,58.1,1,10.3,88.4,>60 min,25.7,21.9,Low
EMP0906,Hamburg-Wandsbek,53.559268,10.034622,24.52,4.5,13.4,38.8,1,6.5,67.2,>60 min,51.3,51.2,Medium
EMP0907,Hamburg-Nord,53.636762,10.058327,15.83,7.0,9.3,33.7,3,5.2,67.2,>60 min,39.1,42.2,Medium
EMP0908,Hamburg-Altona,53.501947,9.907785,29.08,9.3,6.8,28.7,0,11.2,55.9,46–60 min,56.9,52.4,Medium
EMP0909,Hamburg-Eimsbüttel,53.562686,9.932929,12.87,10.5,5.9,35.9,2,2.0,62.3,>60 min,48.5,49.9,Medium
EMP0910,Hamburg-Eimsbüttel,53.560578,9.93526,18.06,5.8,4.2,29.7,0,7.2,46.9,46–60 min,72.1,70.0,Medium
EMP0911,Hamburg-Bergedorf,53.465782,10.177159,19.28,2.9,7.2,38.3,0,3.3,51.7,46–60 min,73.0,72.3,High
EMP0912,Norderstedt,53.670998,9.988973,9.75,5.2,7.9,18.4,0,11.2,42.8,31–45 min,72.2,69.1,Medium
EMP0913,Norderstedt,53.710784,9.996936,10.27,3.5,6.3,26.1,1,9.3,49.2,46–60 min,64.9,64.6,Medium
EMP0914,Pinneberg,53.674944,9.750719,13.07,7.1,7.9,33.0,2,10.8,66.8,>60 min,39.2,38.9,Low
EMP0915,Pinneberg,53.68882,9.802312,21.57,6.1,6.4,31.8,1,9.4,57.7,46–60 min,54.9,53.7,Medium
EMP0916,Ahrensburg,53.649768,10.188701,23.38,5.6,5.7,49.1,1,6.6,71.0,>60 min,46.8,46.2,Medium
EMP0917,Hamburg-Altona,53.523695,9.937429,17.5,9.6,7.7,19.7,1,10.9,51.8,46–60 min,54.9,52.3,Medium
EMP0918,Hamburg-Altona,53.602377,9.916269,20.67,8.7,8.4,32.6,2,8.3,66.0,>60 min,40.8,40.7,Medium
EMP0919,Hamburg-Eimsbüttel,53.553068,9.940646,18.81,11.8,9.8,40.9,1,5.8,72.3,>60 min,40.2,38.0,Low
EMP0920,Hamburg-Nord,53.608146,10.055726,13.4,11.4,12.7,21.5,2,10.8,64.4,>60 min,37.0,35.4,Low
EMP0921,Hamburg-Altona,53.525305,9.952023,15.36,6.9,9.6,20.7,1,11.0,52.2,46–60 min,57.1,55.2,Medium
EMP0922,Hamburg-Harburg,53.446085,9.938237,16.82,6.1,8.0,52.0,2,7.2,81.4,>60 min,31.4,32.0,Low
EMP0923,Hamburg-Wandsbek,53.568666,10.069989,32.82,12.9,5.9,29.5,1,14.5,66.8,>60 min,35.2,30.1,Low
EMP0924,Hamburg-Nord,53.646061,9.977639,17.18,5.2,5.2,8.0,1,11.4,33.8,31–45 min,74.1,73.1,High
EMP0925,Hamburg-Altona,53.558253,9.907395,19.8,14.3,5.7,44.3,1,3.7,72.0,>60 min,40.2,37.8,Low
EMP0926,Hamburg-Eimsbüttel,53.585812,9.953018,13.48,7.3,2.7,22.3,0,5.7,38.0,31–45 min,79.7,77.8,High
EMP0927,Hamburg-Altona,53.54705,9.94018,24.3,13.9,6.6,37.8,0,2.0,60.3,>60 min,57.7,54.4,Medium
EMP0928,Hamburg-Harburg,53.493919,10.077005,27.04,5.8,7.5,30.0,2,9.8,61.1,>60 min,46.3,46.8,Medium
EMP0929,Hamburg-Wandsbek,53.582785,10.10827,14.44,11.7,3.1,43.0,0,6.3,64.2,>60 min,52.4,48.4,Medium
EMP0930,Hamburg-Bergedorf,53.43117,10.153979,44.11,3.2,3.7,52.6,1,5.8,69.3,>60 min,51.5,51.9,Medium
EMP0931,Hamburg-Eimsbüttel,53.570491,9.925884,22.62,7.8,8.9,31.7,3,4.6,65.0,>60 min,40.7,43.9,Medium
EMP0932,Hamburg-Eimsbüttel,53.610305,9.953993,5.33,2.9,6.1,21.8,0,7.5,38.3,31–45 min,82.0,80.8,High
EMP0933,Hamburg-Nord,53.56094,9.986394,2.0,7.9,6.9,36.1,1,4.9,59.8,46–60 min,55.8,55.3,Medium
EMP0934,Hamburg-Bergedorf,53.451993,10.238486,29.32,9.0,6.1,56.4,0,8.0,79.6,>60 min,40.2,36.1,Low
EMP0935,Hamburg-Bergedorf,53.439327,10.227617,27.52,7.8,4.7,48.3,0,6.1,66.9,>60 min,54.1,51.2,Medium
EMP0936,Hamburg-Altona,53.571074,9.863098,16.57,5.6,5.4,32.1,1,4.9,52.0,46–60 min,64.7,65.0,Medium
EMP0937,Norderstedt,53.707662,9.993914,17.06,8.4,9.3,10.7,0,2.4,30.8,31–45 min,88.0,87.0,High
EMP0938,Hamburg-Altona,53.493921,9.93725,25.22,2.4,5.6,29.6,1,8.5,50.0,46–60 min,66.0,66.3,Medium
EMP0939,Norderstedt,53.673485,9.973236,5.73,3.4,5.3,24.4,0,6.8,39.9,31–45 min,80.9,79.8,High
EMP0940,Hamburg-Altona,53.540519,9.939376,22.49,7.5,9.7,34.1,1,5.7,61.0,>60 min,54.3,53.7,Medium
EMP0941,Hamburg-Eimsbüttel,53.560782,10.023977,13.87,4.9,5.5,29.4,1,6.7,50.5,46–60 min,64.9,64.9,Medium
EMP0942,Hamburg-Harburg,53.493368,10.002248,23.91,6.0,7.7,32.2,0,2.0,47.9,46–60 min,76.2,75.6,High
EMP0943,Hamburg-Altona,53.611438,9.942536,18.95,7.4,5.1,35.4,1,7.2,59.2,46–60 min,54.4,53.3,Medium
EMP0944,Hamburg-Nord,53.589187,10.031567,13.58,10.6,7.9,32.2,1,9.6,64.4,>60 min,44.5,41.6,Medium
EMP0945,Hamburg-Nord,53.613936,10.097058,6.82,7.8,6.9,51.4,0,7.1,73.2,>60 min,47.8,44.5,Medium
EMP0946,Hamburg-Eimsbüttel,53.529829,9.944275,8.02,5.1,9.3,31.9,2,5.8,60.1,>60 min,51.9,53.8,Medium
EMP0947,Hamburg-Wandsbek,53.577678,10.104861,20.82,3.3,7.5,25.8,3,12.6,61.1,>60 min,40.6,42.8,Medium
EMP0948,Hamburg-Harburg,53.432224,9.979738,40.11,9.4,4.2,42.4,1,5.5,65.5,>60 min,48.8,47.6,Medium
EMP0949,Norderstedt,53.670425,9.962655,11.17,2.5,4.5,15.0,1,4.1,30.2,31–45 min,85.8,87.4,High
EMP0950,Hamburg-Eimsbüttel,53.54304,9.982671,9.14,6.8,2.1,33.7,0,11.0,53.7,46–60 min,61.5,57.8,Medium
EMP0951,Hamburg-Nord,53.649284,10.040141,19.5,9.6,13.7,25.5,3,5.4,66.2,>60 min,37.1,39.5,Low
EMP0952,Hamburg-Eimsbüttel,53.618507,9.914156,16.76,6.7,7.0,29.2,1,9.8,56.8,46–60 min,54.6,53.1,Medium
EMP0953,Hamburg-Eimsbüttel,53.549043,9.954217,19.92,13.5,2.0,20.8,0,7.4,43.7,31–45 min,66.8,62.4,Medium
EMP0954,Hamburg-Altona,53.575338,9.927058,35.44,11.4,4.2,31.9,0,6.0,53.5,46–60 min,62.1,58.5,Medium
EMP0955,Norderstedt,53.660784,10.003225,9.22,4.2,6.1,23.0,2,7.9,49.2,46–60 min,60.1,61.9,Medium
EMP0956,Norderstedt,53.736277,10.011783,5.51,6.0,6.4,22.9,0,2.5,37.7,31–45 min,84.4,83.9,High
EMP0957,Hamburg-Bergedorf,53.475024,10.218712,35.6,4.8,6.5,42.0,1,2.0,59.3,46–60 min,61.0,62.0,Medium
EMP0958,Hamburg-Nord,53.596334,9.935115,10.24,7.9,8.2,32.5,0,11.3,60.0,46–60 min,54.7,50.4,Medium
EMP0959,Hamburg-Nord,53.629174,10.013069,14.78,9.9,5.8,30.8,1,8.3,58.8,46–60 min,51.2,49.1,Medium
EMP0960,Hamburg-Nord,53.579168,9.959439,2.75,10.8,7.0,26.0,1,7.8,55.5,46–60 min,53.6,51.4,Medium
EMP0961,Hamburg-Nord,53.587044,10.001173,14.42,7.5,9.7,29.1,0,12.8,59.1,46–60 min,54.4,49.8,Medium
EMP0962,Hamburg-Nord,53.585455,10.00608,2.12,8.0,7.1,25.5,0,6.1,46.7,46–60 min,71.1,68.7,Medium
EMP0963,Hamburg-Altona,53.539549,9.85635,19.15,9.8,6.6,55.6,2,11.4,91.5,>60 min,20.8,19.0,Low
EMP0964,Hamburg-Altona,53.489268,9.898672,18.45,8.4,2.5,44.2,0,7.5,62.5,>60 min,56.0,52.6,Medium
EMP0965,Ahrensburg,53.691819,10.251056,29.74,9.9,5.5,51.4,1,7.3,78.1,>60 min,35.8,33.6,Low
EMP0966,Hamburg-Nord,53.564858,10.037183,16.52,12.6,2.8,40.7,0,6.9,63.0,>60 min,51.8,47.3,Medium
EMP0967,Ahrensburg,53.686861,10.234268,19.76,8.3,5.2,43.5,1,11.2,72.2,>60 min,38.5,35.6,Low
EMP0968,Hamburg-Altona,53.577086,9.938247,23.94,6.8,7.9,46.8,2,7.8,77.2,>60 min,33.7,34.1,Low
EMP0969,Hamburg-Nord,53.633417,10.0671,15.98,10.9,5.3,38.9,2,10.2,73.3,>60 min,30.5,29.0,Low
EMP0970,Hamburg-Altona,53.558345,9.936635,16.68,11.8,7.1,39.0,1,13.8,75.8,>60 min,29.3,24.5,Low
EMP0971,Hamburg-Eimsbüttel,53.593299,9.992122,27.22,9.4,8.9,39.5,1,7.7,69.5,>60 min,43.2,41.1,Medium
EMP0972,Hamburg-Altona,53.567851,9.935342,13.33,8.5,5.5,38.2,1,8.0,64.2,>60 min,48.3,46.6,Medium
EMP0973,Hamburg-Altona,53.580635,9.893746,12.27,6.9,3.5,38.0,1,6.3,58.8,46–60 min,56.2,55.6,Medium
EMP0974,Norderstedt,53.70772,10.041298,11.43,7.6,5.5,35.0,0,12.9,60.9,>60 min,52.6,47.9,Medium
EMP0975,Hamburg-Eimsbüttel,53.561937,9.936322,14.35,1.0,8.3,38.8,2,6.6,62.7,>60 min,52.6,55.3,Medium
EMP0976,Hamburg-Wandsbek,53.584853,10.181458,11.8,8.8,4.2,45.6,1,5.7,68.4,>60 min,46.8,45.6,Medium
EMP0977,Hamburg-Nord,53.604977,10.01728,20.22,11.8,2.3,33.4,0,6.3,53.8,46–60 min,61.1,57.2,Medium
EMP0978,Hamburg-Nord,53.645606,10.037373,10.19,8.1,2.4,24.0,1,11.4,49.9,46–60 min,57.5,55.2,Medium
EMP0979,Hamburg-Nord,53.661565,10.004076,11.63,11.1,9.9,49.3,2,9.9,88.2,>60 min,21.0,19.3,Low
EMP0980,Hamburg-Altona,53.545794,9.913952,22.14,12.2,5.5,33.7,0,9.8,61.3,>60 min,50.8,45.7,Medium
EMP0981,Pinneberg,53.620634,9.797704,23.04,7.0,7.8,46.7,1,3.0,68.5,>60 min,51.2,51.4,Medium
EMP0982,Hamburg-Harburg,53.450245,10.016917,17.45,9.4,6.9,55.8,2,8.2,88.2,>60 min,24.5,23.8,Low
EMP0983,Hamburg-Bergedorf,53.480319,10.172868,30.25,4.2,2.6,41.3,0,15.0,63.1,>60 min,52.1,47.7,Medium
EMP0984,Hamburg-Nord,53.616417,9.963559,4.79,16.5,8.8,26.0,1,6.5,61.8,>60 min,43.9,40.3,Medium
EMP0985,Hamburg-Altona,53.597573,9.956697,18.43,10.7,5.9,27.6,0,3.1,47.3,46–60 min,71.0,68.6,Medium
EMP0986,Norderstedt,53.7158,9.907927,10.08,7.9,10.5,35.6,1,4.3,62.4,>60 min,54.1,53.7,Medium
EMP0987,Hamburg-Eimsbüttel,53.527917,9.978262,18.48,7.4,2.0,39.4,1,11.3,64.1,>60 min,46.2,43.8,Medium
EMP0988,Hamburg-Altona,53.570675,9.885764,13.12,11.5,5.5,38.2,0,6.6,61.8,>60 min,54.3,50.2,Medium
EMP0989,Hamburg-Eimsbüttel,53.579015,9.955822,27.31,2.5,3.7,30.3,0,7.6,44.2,31–45 min,77.3,76.1,High
EMP0990,Hamburg-Bergedorf,53.42246,10.222338,19.05,8.6,6.5,52.6,0,11.0,78.7,>60 min,38.4,33.5,Low
EMP0991,Hamburg-Wandsbek,53.51926,10.092191,24.32,7.4,5.3,38.2,2,9.7,68.6,>60 min,38.4,38.2,Low
EMP0992,Hamburg-Bergedorf,53.432452,10.165683,25.97,3.6,2.0,55.2,0,6.8,67.6,>60 min,57.0,55.1,Medium
EMP0993,Hamburg-Bergedorf,53.469597,10.178753,23.56,8.4,6.0,51.5,1,9.7,79.5,>60 min,33.7,31.2,Low
EMP0994,Hamburg-Altona,53.577346,9.92151,17.92,5.5,8.7,33.1,3,8.3,67.5,>60 min,37.3,40.0,Low
EMP0995,Norderstedt,53.703974,9.979135,7.44,5.4,4.2,10.8,0,6.7,27.2,≤30 min,89.8,88.4,High
EMP0996,Hamburg-Nord,53.604363,9.989301,19.9,7.2,6.5,34.3,0,2.8,50.9,46–60 min,71.6,70.2,High
EMP0997,Hamburg-Wandsbek,53.558144,10.087502,24.74,7.9,6.2,35.5,3,9.0,70.7,>60 min,31.3,33.0,Low
EMP0998,Hamburg-Altona,53.492684,9.973312,20.7,8.5,6.3,34.6,0,2.3,51.7,46–60 min,70.2,68.6,Medium
EMP0999,Pinneberg,53.620181,9.773939,22.95,9.2,5.5,33.7,1,4.4,56.8,46–60 min,57.5,56.8,Medium
EMP1000,Hamburg-Eimsbüttel,53.586833,9.910925,14.67,1.8,5.2,44.1,1,5.3,60.4,>60 min,60.1,61.0,Medium
